<?xml version="1.0" encoding="UTF-8"?>
<kml xmlns="http://www.opengis.net/kml/2.2">
  <Document>
    <name>Oakland Inner Harbor-San Francisco Bay</name>
    <Placemark>
      <name>Oakland Inner Harbor-San Francisco Bay</name>
      <Polygon>
        <outerBoundaryIs>
          <LinearRing>
            <coordinates>-122.36147073647103,37.807711325642636,0 -122.3615136588736,37.80767855294819,0 -122.3615191233255,37.807674379709034,0 -122.3615879486493,37.80762182810376,0 -122.36164259586297,37.807608955637576,0 -122.36171885474577,37.80759099365695,0 -122.36174454476627,37.80741087040682,0 -122.36172264024638,37.80731611405503,0 -122.36174364465433,37.80718554059812,0 -122.36185627362804,37.80706935689804,0 -122.36187402074479,37.807051049852234,0 -122.36203820582928,37.80694828786425,0 -122.3621505733932,37.80692636607378,0 -122.3623221525108,37.80695433415229,0 -122.36246325358739,37.80705874627853,0 -122.36251854040157,37.807234801455124,0 -122.36259018194382,37.807325317227296,0 -122.36279234330692,37.80743006311508,0 -122.36292416568497,37.807457815952574,0 -122.36317971482373,37.80746370605685,0 -122.3633966193373,37.80750543500823,0 -122.3642212188692,37.807554954705374,0 -122.36449096318606,37.807510315863844,0 -122.36451131272223,37.807506948165745,0 -122.3645776856453,37.80744758367858,0 -122.36464152981084,37.80739047965699,0 -122.36480067804153,37.80737781936196,0 -122.36483095396156,37.8074906455239,0 -122.36485846486714,37.80759444297074,0 -122.36490301771194,37.80760770295494,0 -122.36499727344317,37.80763575239494,0 -122.36510775723995,37.8076678913153,0 -122.36530201971676,37.807700485161405,0 -122.36556601481583,37.80771542577711,0 -122.3657674970526,37.807660225471125,0 -122.36580798322413,37.807649133736305,0 -122.3658568650503,37.807593315201274,0 -122.36586080685778,37.80758881405956,0 -122.36589832589394,37.80754596590197,0 -122.36609047822816,37.80749292448722,0 -122.36627933554192,37.80749394011989,0 -122.36650736569028,37.807562763217376,0 -122.36661362650689,37.80752562558071,0 -122.36665976038665,37.80750950250625,0 -122.36673622857688,37.8074191636844,0 -122.36678886625927,37.807356977209906,0 -122.36709384429824,37.80739466710696,0 -122.3672490004158,37.807517178302334,0 -122.36729101102837,37.80756059071651,0 -122.36740242817474,37.807675730333926,0 -122.3676659408785,37.80783036784727,0 -122.3679866780625,37.80793573900236,0 -122.36815434771195,37.80792311783606,0 -122.36854268401939,37.80801082506736,0 -122.3686673333499,37.80804754513816,0 -122.36879428506246,37.80814736873371,0 -122.36885868438688,37.80825587005103,0 -122.36897580942859,37.80834212336385,0 -122.36918630985247,37.80846943145134,0 -122.36928244665586,37.80851951828323,0 -122.36942125882514,37.80856081867317,0 -122.3695601464529,37.808593112620905,0 -122.36980292244662,37.80859891675779,0 -122.3699364372507,37.808595123983615,0 -122.37021962575413,37.80869127614231,0 -122.37031829760323,37.80877742745605,0 -122.37038860514727,37.80885891791726,0 -122.37047883552765,37.80893601297757,0 -122.3706686145129,37.808995614025,0 -122.3709116635945,37.80913661078619,0 -122.37103723729143,37.80923191909292,0 -122.3711758617128,37.80929575195595,0 -122.3714417854948,37.80941884906318,0 -122.37163068772429,37.80958209178461,0 -122.37171335967992,37.809713220968995,0 -122.37179949014936,37.809939006507065,0 -122.37184274582692,37.8100293670861,0 -122.37196705739088,37.810106641191055,0 -122.37214816853194,37.81018421826144,0 -122.37231545999066,37.81021665557035,0 -122.37244134360637,37.81027591066523,0 -122.37253531008005,37.8105828551566,0 -122.372715697179,37.81074605130296,0 -122.37290572320094,37.81094535040552,0 -122.37344667968188,37.81081674285979,0 -122.37442581369714,37.810346761647025,0 -122.37697035012991,37.80970437295185,0 -122.37700875310833,37.80969467824352,0 -122.37876348355677,37.80773040258616,0 -122.3796486708613,37.80580907859391,0 -122.37993089996402,37.80431257300065,0 -122.38081502186665,37.80251012285449,0 -122.38429307316963,37.799646988110574,0 -122.38434532457642,37.79960397350805,0 -122.38542878623386,37.799038965860326,0 -122.38735189061096,37.797784197926944,0 -122.38741725292934,37.79774155135126,0 -122.38880657207643,37.7964172152787,0 -122.38942653179333,37.79506670793355,0 -122.38980521300809,37.79394483916366,0 -122.39011768928475,37.79203270450814,0 -122.38895554239491,37.79102291902195,0 -122.3886062441748,37.79042624240864,0 -122.38821455804967,37.789978059684465,0 -122.38584559913582,37.79086297888984,0 -122.38576941750814,37.79089143436034,0 -122.38572835461818,37.79083087383094,0 -122.38552256765458,37.79052737047868,0 -122.38584728617192,37.7904028810054,0 -122.38652017821865,37.790149512809585,0 -122.38759111466608,37.78974498698175,0 -122.38739523073015,37.78931134123444,0 -122.38584331472005,37.789596188224664,0 -122.38525869831966,37.78973284118431,0 -122.38509615445722,37.789218249833205,0 -122.38753982176165,37.78864963091544,0 -122.38766285502298,37.788620977224554,0 -122.38752602723217,37.78814282838752,0 -122.38750141608831,37.78805682125684,0 -122.38734429176198,37.78808754956091,0 -122.38699544719107,37.788153392029905,0 -122.38520652237135,37.78849101532441,0 -122.3851008975619,37.78819109243599,0 -122.38504355091078,37.788028246137536,0 -122.3870665129132,37.78777289833553,0 -122.38727825031722,37.78774696261154,0 -122.38744166734213,37.78772753193287,0 -122.38746703307082,37.787148571327265,0 -122.38570147792319,37.787265563026175,0 -122.38448702393103,37.78734710135937,0 -122.38438198482318,37.78571968984375,0 -122.38437636586109,37.78562727617648,0 -122.38738105262003,37.78544014187347,0 -122.38754368092411,37.785429721962814,0 -122.38756891370214,37.78486653485774,0 -122.38741695199373,37.78487475612142,0 -122.38546508176461,37.784954725256796,0 -122.38546808483261,37.7845919604546,0 -122.38588633773395,37.78456935544057,0 -122.38741734904906,37.78448268886022,0 -122.3876346443298,37.78447030081233,0 -122.3877026800345,37.78379467089951,0 -122.38740942500996,37.78380891916611,0 -122.38628606108593,37.783868415535586,0 -122.38628714355586,37.783737734602965,0 -122.38574547830412,37.78375068364558,0 -122.38570662437147,37.78338545218459,0 -122.3873792398198,37.78325220385927,0 -122.38764486805603,37.78323105032296,0 -122.3877498900959,37.783148227372166,0 -122.3878162863752,37.78267087805593,0 -122.3873689307536,37.78269559085522,0 -122.38473225771538,37.782853102097576,0 -122.38467323929954,37.78243818983344,0 -122.38686115893756,37.782300880144206,0 -122.38711180327485,37.7822030393802,0 -122.3873203139304,37.78222214989079,0 -122.38741984726391,37.78228801107513,0 -122.38781942688541,37.78229008847216,0 -122.38778233005746,37.78171080198565,0 -122.38746627668935,37.78173620095027,0 -122.38553169453789,37.781881604068374,0 -122.38547292944693,37.78143514874881,0 -122.38751495459798,37.78134213191451,0 -122.3875200471473,37.78115513443932,0 -122.38750476590603,37.78102887408084,0 -122.38744125860869,37.780897853721484,0 -122.38732803405198,37.78077107675856,0 -122.38730582051163,37.78062450280497,0 -122.38733762536425,37.780469190640886,0 -122.38733565985044,37.780363274787,0 -122.38732571729686,37.78019197503669,0 -122.38733375452371,37.779820228050674,0 -122.38734987928304,37.77950034651832,0 -122.38728401750136,37.778709103890186,0 -122.38725843707533,37.778368722226496,0 -122.38737128972953,37.778195808243694,0 -122.38746059754014,37.778124168122986,0 -122.3875916096378,37.77807302334346,0 -122.38779803350693,37.77799973798814,0 -122.38805816944354,37.77795376916949,0 -122.38829994920562,37.77789643999226,0 -122.3885596898835,37.777812164040135,0 -122.38872476699507,37.77776119442023,0 -122.38897897854235,37.77765886314232,0 -122.38919895888745,37.77757663036767,0 -122.38925214274555,37.77749578985967,0 -122.38937758708508,37.777431094526825,0 -122.38954780974659,37.77735762037827,0 -122.38981593799426,37.77728915539386,0 -122.3900305958213,37.77724970844063,0 -122.3900835155747,37.77711478545819,0 -122.3900537939152,37.777017738742416,0 -122.39003843452048,37.77690049083161,0 -122.38975273522583,37.77668945463194,0 -122.38943480348047,37.776773433650796,0 -122.38930431599894,37.77676148879059,0 -122.38913705238798,37.776733584544324,0 -122.3889389783594,37.776741570982104,0 -122.38848256053319,37.7767504690997,0 -122.38829586007445,37.77675625869779,0 -122.38793724722315,37.77678143570497,0 -122.38758558553549,37.77682467660364,0 -122.3874409936057,37.77680139113432,0 -122.3872467095693,37.77669447669001,0 -122.38717521355414,37.77658594747548,0 -122.38709540812263,37.776452588197806,0 -122.38712319481097,37.776353590145256,0 -122.38701834434933,37.77624488576131,0 -122.38688725948812,37.77621941958641,0 -122.38666485009851,37.77616643733276,0 -122.38636727327916,37.77619192340691,0 -122.38563150994237,37.77625343602081,0 -122.38518325690379,37.77630517990939,0 -122.38475403467451,37.77628716558492,0 -122.38475205478763,37.77618350307707,0 -122.38473038832129,37.77605720582514,0 -122.3847149426883,37.77595122116619,0 -122.38471851169494,37.77569211314939,0 -122.38472230258542,37.77557721550847,0 -122.3846690585402,37.77523669303599,0 -122.38547221528628,37.77517779325841,0 -122.38678594928703,37.77508098612615,0 -122.38672841129475,37.77440019634154,0 -122.38658996923138,37.77440623606281,0 -122.38644495868664,37.77443477668577,0 -122.38630784523156,37.77445208495812,0 -122.38616292631498,37.774469357013764,0 -122.38584597373328,37.77452178309199,0 -122.38563953549111,37.77451169607712,0 -122.38535503814231,37.77450119865011,0 -122.38509382692231,37.774506596474986,0 -122.38496829275125,37.77449692767949,0 -122.38482994501096,37.77449169742648,0 -122.38454827016879,37.7744834664873,0 -122.3842978144777,37.77447540027961,0 -122.38400814373117,37.774489656023036,0 -122.383526193988,37.774498404590375,0 -122.38308582905593,37.77454116398844,0 -122.38283543534855,37.77452633524217,0 -122.38254598738422,37.7745135514461,0 -122.38203609734077,37.77455369003061,0 -122.3818299007454,37.77459993007332,0 -122.38176026244625,37.774099335090774,0 -122.38160746171137,37.77276233794364,0 -122.3814655153201,37.77191210874707,0 -122.38160002725411,37.77186549423208,0 -122.3830986641847,37.77256961191739,0 -122.3843449580638,37.77315522359273,0 -122.38451118232396,37.77322143723732,0 -122.38475867806622,37.773328633629326,0 -122.38521517135088,37.773308481994775,0 -122.3867280420872,37.773242007834185,0 -122.38656550091967,37.77272966832654,0 -122.38658881579455,37.77239855541439,0 -122.38651016379985,37.77186862496858,0 -122.38579093305754,37.77070894680188,0 -122.38580390113695,37.77120023138288,0 -122.38554928624607,37.77221062499859,0 -122.38563895338281,37.7714089243557,0 -122.38541592325733,37.771346924144225,0 -122.38560465929852,37.77083641276452,0 -122.38568730699959,37.77062503545393,0 -122.38541062768874,37.770528956595065,0 -122.38466974754803,37.77027272320814,0 -122.38442091601095,37.77015650417959,0 -122.38429329325686,37.77048481587824,0 -122.38306947432787,37.769933122154214,0 -122.38333308494798,37.769465819942326,0 -122.3834497814933,37.769256874369276,0 -122.38357928352296,37.76930036607465,0 -122.38436340406984,37.76956133636258,0 -122.384882202706,37.769811907760506,0 -122.38522152782981,37.76996915531543,0 -122.38556651772987,37.77012868336202,0 -122.38548595322193,37.76983083329848,0 -122.38538479214115,37.769449501094684,0 -122.3849734571658,37.76881868728245,0 -122.38497509838784,37.76862040644042,0 -122.38520853639422,37.768110129037645,0 -122.3853308276471,37.76782460416364,0 -122.38536289840106,37.76703612181304,0 -122.38546789798303,37.76695329776065,0 -122.38557274844466,37.7668885001761,0 -122.38565658910846,37.766789792541914,0 -122.38584732839274,37.76637843522429,0 -122.38626023182655,37.765531098876075,0 -122.38641478068298,37.76537642679689,0 -122.38644848367582,37.765248164585216,0 -122.38633556634294,37.7651732196963,0 -122.38622464596487,37.765114054830306,0 -122.38625006020261,37.7649587122123,0 -122.3862896615336,37.76480344099276,0 -122.3863753078111,37.76457179939223,0 -122.38649194327095,37.764110483979316,0 -122.38653798372589,37.76394848581506,0 -122.38668080956785,37.7638388201064,0 -122.3867482505878,37.763749037910685,0 -122.38673991871354,37.76364083696143,0 -122.3866686050564,37.76351203059882,0 -122.3865019325369,37.76341652553955,0 -122.38639098071785,37.763361867365646,0 -122.3862659289421,37.763295872143864,0 -122.38603606982383,37.76320454326689,0 -122.38580766956959,37.76319433824164,0 -122.3855812303376,37.76320442751057,0 -122.38542901260934,37.763248697561394,0 -122.38527168167047,37.763310969452625,0 -122.38516089783636,37.763236029702334,0 -122.38508965963771,37.76309821137973,0 -122.3850375447748,37.76296499466356,0 -122.3850099844619,37.76286570797949,0 -122.38498666060387,37.76276869369317,0 -122.38493497423734,37.762498030490555,0 -122.38487484999538,37.76221830877415,0 -122.38480341147243,37.76210527357325,0 -122.384664655897,37.762066241071956,0 -122.38448340372047,37.76201797700981,0 -122.38429761954326,37.76200348592513,0 -122.38423217368158,37.76210904529832,0 -122.38422634810696,37.76221266930416,0 -122.38422830733259,37.76231858417412,0 -122.38423000604679,37.76245604318362,0 -122.38424608229712,37.76257104430322,0 -122.384276181249,37.76270639790991,0 -122.3843194611811,37.76287787452553,0 -122.38435762880087,37.76315297272195,0 -122.38441276829134,37.76352054895324,0 -122.38443454075887,37.76406144789389,0 -122.38428950865456,37.764094488489924,0 -122.38416511354728,37.764035253876045,0 -122.3841291674612,37.763920147799624,0 -122.38411346760499,37.76376008510495,0 -122.38413925194858,37.763645303142276,0 -122.3841843509691,37.76351259659539,0 -122.3840459133973,37.76300713507699,0 -122.3839999636722,37.76281536720493,0 -122.38400580811144,37.762709491395306,0 -122.38400991790385,37.76255628914443,0 -122.38406942410491,37.7623966197728,0 -122.38399824789002,37.76225203692881,0 -122.38386713158776,37.762233324633186,0 -122.38370808486671,37.7622460118386,0 -122.38343257606064,37.762269357995294,0 -122.38323427655493,37.7623088775662,0 -122.38324245212235,37.76243510597963,0 -122.38324441314461,37.76254102053107,0 -122.38323796863075,37.762633372868194,0 -122.3833969264186,37.762631949693,0 -122.38352815411191,37.762637144566334,0 -122.38351597565163,37.762736222768346,0 -122.38348402796687,37.76282393535121,0 -122.38350620826952,37.762972768829165,0 -122.38351627209566,37.76312829742001,0 -122.38357738089118,37.763545474810314,0 -122.38359727677809,37.76396919463109,0 -122.38357369330696,37.76416060159464,0 -122.38345618648125,37.76421180996956,0 -122.38328355813144,37.764235692380616,0 -122.383152683476,37.764187687519374,0 -122.38308374496445,37.764115220700084,0 -122.38303994131459,37.764006834936296,0 -122.38303017572912,37.763900884135495,0 -122.38302971309676,37.763785961070234,0 -122.38301192196256,37.763621380061636,0 -122.38291256739382,37.763451862368996,0 -122.38290282696119,37.76317240417916,0 -122.38287531336067,37.76281173399812,0 -122.38287201654357,37.7624399258975,0 -122.38238026618063,37.762356231710925,0 -122.3823958905784,37.762525310189965,0 -122.38259361426398,37.76460387253829,0 -122.38238978293275,37.76462533605824,0 -122.38234972166434,37.764237563630736,0 -122.38214871733132,37.762298687331,0 -122.38172777038245,37.76231900885593,0 -122.38175083372904,37.76474817169719,0 -122.38098237530913,37.76474413735227,0 -122.38109143258124,37.762130902267444,0 -122.3814251028104,37.76211011836864,0 -122.38136825202932,37.76194983799455,0 -122.38134732757139,37.760969551600965,0 -122.38147692212756,37.761085147323634,0 -122.38157435070832,37.76157011631545,0 -122.38153020749526,37.76167353512509,0 -122.38162947582573,37.7619376911807,0 -122.3818164349993,37.762067110323336,0 -122.38313666202292,37.762015441691595,0 -122.38302331080371,37.76173769314921,0 -122.38234659912041,37.76111449559363,0 -122.3820448909491,37.76079069458083,0 -122.38197368239483,37.76065061828078,0 -122.38181681588497,37.760316307984496,0 -122.38173336868329,37.759856200346846,0 -122.38139980355704,37.75986571623448,0 -122.38138388451189,37.76007293629719,0 -122.380701942837,37.76008061915201,0 -122.38093801470377,37.76308548739203,0 -122.38073382404642,37.763235387716406,0 -122.38044074778668,37.76009051425314,0 -122.3802484292641,37.760094009816434,0 -122.37955649562832,37.76010839687703,0 -122.37987637761617,37.76343817901664,0 -122.37957197809224,37.76343657689677,0 -122.37926032826566,37.75980264318418,0 -122.37947218065408,37.75975418731277,0 -122.37959739322827,37.75971428429187,0 -122.37982339587901,37.759670409124986,0 -122.37999588409168,37.75966230508142,0 -122.38049992161106,37.759631153757674,0 -122.38094606271041,37.759565901623944,0 -122.38103596700235,37.7595055320391,0 -122.3810477187629,37.7593726540089,0 -122.38105347157398,37.759278044137794,0 -122.38106559344041,37.75918572454182,0 -122.38107726884418,37.75906185484422,0 -122.38105356320214,37.758926532209145,0 -122.38100952688859,37.758761813261245,0 -122.38100025447822,37.758597273628666,0 -122.3809844881467,37.75836059639085,0 -122.38110088016307,37.75801645280939,0 -122.38116281451038,37.75790636851301,0 -122.38123647995691,37.7577512806385,0 -122.38127552343411,37.757663604653374,0 -122.38129360382585,37.75753751795301,0 -122.3812936837759,37.757442877326184,0 -122.38128999439503,37.75728963575849,0 -122.38127539677164,37.757167881471396,0 -122.38125180521567,37.75701904341559,0 -122.3812640546429,37.756910948387755,0 -122.38119451156516,37.756827211724,0 -122.38113499458433,37.756646635887506,0 -122.38109133646152,37.75643685154134,0 -122.38108949132193,37.756317418296035,0 -122.38108542914021,37.75612361389758,0 -122.38110489024253,37.756002035959504,0 -122.38110120086164,37.7558487970891,0 -122.38097043490237,37.755789524621704,0 -122.3808527942277,37.75577313173308,0 -122.3807004606168,37.75574754700128,0 -122.38067025925693,37.75562571063004,0 -122.38068214396813,37.755477054843176,0 -122.3806943745307,37.75537121398525,0 -122.38071005372568,37.755107663042644,0 -122.38080559225111,37.755051834645734,0 -122.38097795559794,37.755057245254115,0 -122.38116646975526,37.75508301914843,0 -122.38131751069051,37.75509282613801,0 -122.38147015961009,37.755080109296124,0 -122.38161500666148,37.755067352678644,0 -122.38174627567727,37.75506578446898,0 -122.3819722450904,37.75502415729664,0 -122.38208953093049,37.75499773280151,0 -122.38260688866893,37.754982418593094,0 -122.38311699790134,37.75489946598384,0 -122.38356573872508,37.75494462596543,0 -122.38386730316599,37.75485607163604,0 -122.38387882136455,37.75475022420781,0 -122.3839550541962,37.75454106873297,0 -122.38379148625431,37.75441628356372,0 -122.38366079395689,37.75443362635184,0 -122.38351572681829,37.75447342710479,0 -122.3833254923872,37.75456932227124,0 -122.38321440671919,37.75461831351166,0 -122.38309146149277,37.754642455418214,0 -122.38293870387699,37.75458307189643,0 -122.38284729760191,37.75448344795914,0 -122.3826746171498,37.75443071647405,0 -122.38260944168098,37.75433348373306,0 -122.38256775356356,37.754227362821965,0 -122.38257167650643,37.75409669199898,0 -122.3825911537784,37.75397286562854,0 -122.38256750293363,37.753830781321476,0 -122.38252361304548,37.753733659301716,0 -122.38248195996238,37.75362303168061,0 -122.38244445799421,37.753525943480376,0 -122.38235495614752,37.753453369621276,0 -122.38223589523638,37.75343697266375,0 -122.3821132347759,37.75342731673909,0 -122.3819939169466,37.75335683874956,0 -122.38200622476431,37.75324198453359,0 -122.38134512220739,37.75288475118418,0 -122.38121398434558,37.75295616645652,0 -122.38110509865166,37.752996156223105,0 -122.38086472205805,37.753064745977184,0 -122.38060338148065,37.7530949170678,0 -122.38041683014224,37.7530894303182,0 -122.3802773693893,37.75305264600201,0 -122.3801385796779,37.7530203696849,0 -122.38011669042939,37.752837736873566,0 -122.38010476798894,37.7527362759788,0 -122.38003937333119,37.75198558746114,0 -122.37973974835302,37.75192767916864,0 -122.37945810135862,37.75192619470428,0 -122.37921079875417,37.75197446890205,0 -122.37899761057092,37.75201615532199,0 -122.37860532796448,37.75200958035998,0 -122.37837090809951,37.75204440059093,0 -122.37810070743845,37.752031706664,0 -122.37776351222014,37.75205471298449,0 -122.37731557089698,37.75208614592381,0 -122.37687287843004,37.7520838062993,0 -122.37647169351906,37.75203887256788,0 -122.37621025951687,37.75208029970352,0 -122.37607952230368,37.752018771953594,0 -122.3758715209929,37.75059809926749,0 -122.37580266961797,37.74992625464428,0 -122.3755762968613,37.749848443838026,0 -122.37563385102324,37.74907812323825,0 -122.37564229069534,37.74874919089452,0 -122.3756465666761,37.748577960677316,0 -122.37579838195911,37.7485787654497,0 -122.37591648436782,37.74853883154056,0 -122.37608017448059,37.74847660616946,0 -122.37626895543755,37.74846859252886,0 -122.3761285936744,37.747018985110216,0 -122.37598111905083,37.74700919267743,0 -122.37586642305368,37.74698154570481,0 -122.37574889197349,37.746953884515534,0 -122.37531700264611,37.74676682635717,0 -122.3752010984149,37.74671438557624,0 -122.37488704110335,37.746435565957,0 -122.37483850243363,37.746302362565025,0 -122.37485604832774,37.746155993763004,0 -122.37489037564971,37.746039003073065,0 -122.37499704160655,37.745924653196404,0 -122.37497620787849,37.74578709243743,0 -122.37492040453303,37.745674131577175,0 -122.37487785313465,37.74558828032726,0 -122.37467947547549,37.74538893848502,0 -122.37453123728396,37.745216904208085,0 -122.3743166603053,37.74500395487157,0 -122.37415096335621,37.74488364863556,0 -122.37405154860032,37.74481101657658,0 -122.37386441874685,37.74496099299832,0 -122.37352313619401,37.745220560299366,0 -122.37340204958193,37.74527850225392,0 -122.37328120731159,37.74530715143311,0 -122.3730815863841,37.745339892831154,0 -122.3728251955239,37.74537457910635,0 -122.37263942931305,37.74527895402627,0 -122.37234768166158,37.744964193066,0 -122.37068255726442,37.74322253313538,0 -122.3694400938017,37.7418391357372,0 -122.36801775348312,37.740342092066946,0 -122.36769354880212,37.74001137263983,0 -122.36784657321753,37.73995135507941,0 -122.36810890733163,37.73988290945574,0 -122.36828340238063,37.739883843612816,0 -122.37142079905313,37.739727114619534,0 -122.3719292661652,37.73965997377083,0 -122.37299318587195,37.73958902588966,0 -122.37336928083701,37.739572997393324,0 -122.37336399065829,37.739358908691294,0 -122.37335730809087,37.739225927703174,0 -122.37350657036187,37.73919067236388,0 -122.37338323526662,37.7390953746001,0 -122.37324646047638,37.73891213271322,0 -122.37322469160212,37.73880160370206,0 -122.37304119812892,37.738690217076616,0 -122.37271946920487,37.73856908077879,0 -122.37230319978366,37.73855559883984,0 -122.37213191800844,37.73842624868189,0 -122.37206435391928,37.73827942243503,0 -122.37207236150174,37.73817130926703,0 -122.3721259909242,37.73803639740045,0 -122.37188281068859,37.73802158193711,0 -122.37183046495868,37.73817227328263,0 -122.37161239443186,37.73837616123023,0 -122.37133327529668,37.73850085623186,0 -122.37099754433228,37.73852610593538,0 -122.37069805769465,37.73845916006762,0 -122.37017954472275,37.73828965007776,0 -122.369857320827,37.73822708646325,0 -122.36938532262052,37.73817724467597,0 -122.3691762720775,37.738153594679275,0 -122.36904370409773,37.738143871403416,0 -122.36862189476618,37.738114572985246,0 -122.368183543857,37.73811222368384,0 -122.36794927940056,37.73813350094968,0 -122.3675183647453,37.73817400098035,0 -122.36765094619979,37.73793135637642,0 -122.36804392140735,37.73784783977234,0 -122.36877462094091,37.73775486543894,0 -122.36931346099105,37.737618043238484,0 -122.36945418926682,37.737584996501404,0 -122.3695432311761,37.73745703491783,0 -122.3698003397902,37.73725110769085,0 -122.37022160923426,37.73684100766395,0 -122.37079376151009,37.73637087069367,0 -122.37137229182441,37.73631987890782,0 -122.3718677666025,37.73644419871984,0 -122.37221382909101,37.73653842645532,0 -122.37248975202041,37.73662326946408,0 -122.37276506409542,37.7367802089179,0 -122.37304230485336,37.736792951637895,0 -122.3732756305703,37.7366297015785,0 -122.37349417630587,37.73670522240294,0 -122.37374664332492,37.73688006697081,0 -122.37389507375595,37.73702732010958,0 -122.37403228512737,37.737158740720474,0 -122.37424921299714,37.73734240751016,0 -122.3742795383245,37.73753184520053,0 -122.37465141929253,37.737678031432736,0 -122.374947879506,37.7377674815389,0 -122.37526311271223,37.737902096236,0 -122.37557727692327,37.73807951887113,0 -122.37568863927243,37.738080107795184,0 -122.37580107061677,37.73803788853705,0 -122.37580182699824,37.73794776174245,0 -122.3756168396267,37.73784538461213,0 -122.37522726184756,37.73769460380042,0 -122.37509819729743,37.73760604019471,0 -122.37502459383461,37.737502000236034,0 -122.37496991877316,37.73733947351675,0 -122.37498247452588,37.73694295993487,0 -122.3750299819297,37.736776467870264,0 -122.37496509841334,37.736478690956986,0 -122.37496860184298,37.73623084477991,0 -122.37497101381952,37.73602806202492,0 -122.37501632484245,37.73519458383204,0 -122.37487006563944,37.734873840763626,0 -122.37504401091947,37.73485448357422,0 -122.37504841805428,37.73466748364224,0 -122.37516126981016,37.73449007272235,0 -122.37495721928998,37.734378577306714,0 -122.37501817267696,37.734131040955894,0 -122.37512810131493,37.734048250398715,0 -122.37512889542565,37.73395361596264,0 -122.37513058246172,37.7337530826316,0 -122.37523665103889,37.733622953959646,0 -122.37529971277185,37.73354667478663,0 -122.37536922890013,37.73346141974508,0 -122.37550609891174,37.73329540224601,0 -122.37550451967348,37.73306104753682,0 -122.37553659851228,37.732957568842394,0 -122.37545933800796,37.73286702735273,0 -122.3751395081224,37.732775199120454,0 -122.37494161645182,37.7328597757591,0 -122.37474334120064,37.73298941556057,0 -122.3746244509694,37.73295723848219,0 -122.3745186680565,37.73288457198627,0 -122.37450251904262,37.73278083515052,0 -122.37446681370504,37.73264094240668,0 -122.37430693783897,37.732590517837295,0 -122.37412385399755,37.732600815890585,0 -122.37409430930617,37.73316172620274,0 -122.37396495190525,37.73336158265729,0 -122.37383441501638,37.733617767705894,0 -122.37357840144861,37.73378089723703,0 -122.3734386990489,37.73386127187512,0 -122.37320616025612,37.733932142123734,0 -122.37289408372976,37.73393048252951,0 -122.37268398664945,37.73394739319629,0 -122.37256000476721,37.73401432964548,0 -122.37245752855283,37.734054341014485,0 -122.37218252459998,37.73411371827528,0 -122.37205251412385,37.73405444118675,0 -122.37173764563362,37.733879256747926,0 -122.37159267910634,37.73374328702291,0 -122.37102056186481,37.73320620462982,0 -122.37060936792494,37.73284799076346,0 -122.37020590488648,37.732582201243545,0 -122.36982634961095,37.73234132227294,0 -122.36967276285019,37.73221882500399,0 -122.36958439377906,37.73210118068691,0 -122.3695447304643,37.732010835658286,0 -122.36933478430092,37.73184297125588,0 -122.36912829754975,37.731769758740995,0 -122.36890952184542,37.731723520342406,0 -122.36873023697935,37.73178790681792,0 -122.36872019022121,37.731884745034506,0 -122.36865526897563,37.73201283560642,0 -122.3685654078028,37.732070939938104,0 -122.36843546200541,37.73208827020124,0 -122.36828935551598,37.73208748656336,0 -122.36804690650902,37.73198929731444,0 -122.36788563645764,37.73185323460045,0 -122.36769256784183,37.73162010656248,0 -122.36751400971282,37.73159887360497,0 -122.36735872064459,37.731760275473874,0 -122.36715800556908,37.731925941183896,0 -122.36699470532517,37.73202871583229,0 -122.36675125918823,37.73204768940117,0 -122.36664316670671,37.732164279481104,0 -122.36590725245291,37.73295799014046,0 -122.36591491598061,37.73305717273647,0 -122.3655497903435,37.733454042460465,0 -122.36535569674994,37.73367382185418,0 -122.36521589823047,37.733598707154435,0 -122.36543583096483,37.73334301935381,0 -122.36584489679579,37.73286752182799,0 -122.36485921855365,37.732341703078404,0 -122.36519934946631,37.73188161118489,0 -122.36380212963633,37.73104486504196,0 -122.36331450882875,37.73158302454738,0 -122.36296578283546,37.7319687060096,0 -122.36267157469844,37.73178685106941,0 -122.36351953222437,37.730914903544594,0 -122.36291539812781,37.73056463307248,0 -122.3621139733336,37.73146837383595,0 -122.36182036077959,37.731300042136844,0 -122.36197213024853,37.73113637357736,0 -122.36205231746405,37.731048929643194,0 -122.36262076688428,37.730432349606204,0 -122.3620677415375,37.730077845234455,0 -122.36212324304903,37.72997449452047,0 -122.36189108604023,37.72983578582172,0 -122.36161109374258,37.72981624258978,0 -122.36127612724451,37.72983921460792,0 -122.36112101873766,37.72981358751766,0 -122.36094329963511,37.72969545411909,0 -122.36086031147255,37.72977837458814,0 -122.36083258856455,37.729868353600544,0 -122.36073823401868,37.72995346713054,0 -122.36061424315328,37.730020397954064,0 -122.3603284944513,37.730093205093766,0 -122.36004110183234,37.7301096725873,0 -122.35980939757445,37.7300836256972,0 -122.35968491982219,37.73004239157786,0 -122.35954828516915,37.73009572871714,0 -122.35950897579065,37.73021268492495,0 -122.35934999105335,37.73022534280737,0 -122.35918898600497,37.73014334575116,0 -122.35900969574898,37.73004322710235,0 -122.35891534838964,37.72988047797016,0 -122.35876282523415,37.72988415329144,0 -122.35871642365647,37.73000107501981,0 -122.35855775243121,37.72997767818444,0 -122.35838996510243,37.72985959336043,0 -122.35827619616668,37.729728281286,0 -122.35817086420803,37.72960603191625,0 -122.35822428072977,37.72949816469951,0 -122.3584036275796,37.729427034432106,0 -122.35852001690108,37.729418654249784,0 -122.35876280636955,37.72939293607173,0 -122.35890787530478,37.72934866139522,0 -122.35875495599228,37.72898730057916,0 -122.35863967519187,37.72903173959489,0 -122.35849471854604,37.729062498821165,0 -122.35835532337015,37.72910680421978,0 -122.35791585675337,37.72923960728908,0 -122.35772291120678,37.72924306523288,0 -122.35758980962775,37.72921530078847,0 -122.35750110907829,37.72913820285482,0 -122.35744250748071,37.72902522156162,0 -122.35751688888455,37.7289535196056,0 -122.3576195636266,37.728890985047364,0 -122.35770119173984,37.72880130112253,0 -122.35785922336461,37.728734562451194,0 -122.3580464547277,37.72873558129756,0 -122.35829349861736,37.72870988703903,0 -122.35827875007703,37.72861066238491,0 -122.3582207323844,37.728430083063294,0 -122.35810898645462,37.7283934236168,0 -122.35795816740327,37.72844667881582,0 -122.35782026612569,37.72848198190098,0 -122.35753883472694,37.72854804796181,0 -122.3572702447452,37.72860516742573,0 -122.35703569731946,37.72866247370536,0 -122.35691693644564,37.72861676126335,0 -122.35685983593294,37.72849477365231,0 -122.35690485949497,37.72837334073772,0 -122.35768340419888,37.72601613021389,0 -122.3578125738519,37.72584107880916,0 -122.35795771375403,37.725787791184075,0 -122.36019006316768,37.72532673488734,0 -122.36015967136501,37.72523193156827,0 -122.36019897715025,37.72511497459963,0 -122.36033103848017,37.725097666151974,0 -122.3604558171681,37.72510284802879,0 -122.36058676907862,37.725049478872315,0 -122.36074344694227,37.72497372021155,0 -122.36085967726193,37.72498335995356,0 -122.36087584693705,37.72508259444127,0 -122.36090545001893,37.72518640671935,0 -122.36153211206619,37.72505460248923,0 -122.36115013852591,37.72402953668242,0 -122.3579481484929,37.72476023587753,0 -122.3579180333713,37.72463388706403,0 -122.3579074637937,37.72454369776881,0 -122.35791993959634,37.72441307543413,0 -122.35925876354298,37.724102645295325,0 -122.36026784559319,37.723869276143255,0 -122.36146167336813,37.72359408590209,0 -122.36164830645326,37.72370712735032,0 -122.36182186276278,37.72348274176859,0 -122.36194503166968,37.7234270806525,0 -122.36208073297313,37.72339852603468,0 -122.36251238065367,37.72342790630407,0 -122.36269830227307,37.72312307824788,0 -122.35993911789475,37.72152181044471,0 -122.3602864757539,37.72120823459767,0 -122.3630244203656,37.722804872844264,0 -122.36383282686621,37.72198453252451,0 -122.35948376277554,37.71938771962311,0 -122.35922546119876,37.71924210411987,0 -122.3591752588491,37.719142685582376,0 -122.35920171782749,37.719034670957406,0 -122.35926919208511,37.7189404017625,0 -122.35935092530121,37.718837194678045,0 -122.35949352566607,37.71874783610848,0 -122.35963624101524,37.71864495917979,0 -122.3597531172236,37.71857799462662,0 -122.35982043517437,37.71850174898755,0 -122.35997665040564,37.718313319973966,0 -122.36010831647684,37.718341071451036,0 -122.36019286680968,37.7184046267995,0 -122.362768415781,37.71990575289016,0 -122.36368569809403,37.718955304892845,0 -122.36258486840889,37.71831843837206,0 -122.36242170291226,37.71815982471369,0 -122.36243405564574,37.718042720854605,0 -122.3625344109377,37.71791707757429,0 -122.36110325455293,37.717102648647895,0 -122.35868420737546,37.71572401751623,0 -122.35889446705085,37.71551785503935,0 -122.3611063456558,37.71682551036626,0 -122.36268609776162,37.717760168491544,0 -122.36386799231632,37.716545262841876,0 -122.36359064645552,37.716388286188106,0 -122.36006570758629,37.714390809099136,0 -122.36022649793728,37.7141641006655,0 -122.3634394186707,37.71599539967484,0 -122.36357067331349,37.716070464010336,0 -122.36399479940016,37.71631160269037,0 -122.36415851556404,37.716073637612745,0 -122.36433847236998,37.7160926337452,0 -122.36445484192852,37.71608424921168,0 -122.36466438923988,37.71612593594613,0 -122.36481693754818,37.7161988647578,0 -122.36496163368257,37.71619513759332,0 -122.36511986114007,37.71610135013442,0 -122.36520710102889,37.716016195103514,0 -122.36528874621013,37.71592199597175,0 -122.36541132312728,37.715850550654146,0 -122.36555655735252,37.715783732804695,0 -122.36572125717166,37.71576208457029,0 -122.3658543012585,37.715794347287556,0 -122.36597300553844,37.71584455873818,0 -122.36610176915295,37.715962422876906,0 -122.36620516793711,37.71581200753249,0 -122.36635547674541,37.715815068868565,0 -122.36642324115887,37.71593485740071,0 -122.36654783030222,37.716127056583716,0 -122.36675275937476,37.716378272967304,0 -122.36697618386063,37.716622831516325,0 -122.36749616737464,37.717017695158475,0 -122.36794480129888,37.71721388441144,0 -122.3682204179028,37.71732577305124,0 -122.36866982347985,37.7174318324621,0 -122.3690547560707,37.717447414519754,0 -122.36944748693648,37.717463035657154,0 -122.36958478993607,37.71749531610932,0 -122.3696858135746,37.71754092100887,0 -122.36978393924808,37.717593273022636,0 -122.36993369289749,37.71757829926896,0 -122.37008349146271,37.717642192806316,0 -122.37021521772101,37.71766317608146,0 -122.37050281515586,37.71778413766462,0 -122.37065016491361,37.71796969508515,0 -122.37062481984616,37.71819939626421,0 -122.37046138844823,37.71840582627824,0 -122.3706220009328,37.718532868592916,0 -122.37074899306957,37.71861015876685,0 -122.37091577608186,37.718678648925746,0 -122.37106856693526,37.71872452809458,0 -122.37122139282297,37.718765903527,0 -122.37135186952474,37.7187665977717,0 -122.37152501171093,37.718754004015565,0 -122.37168393446446,37.71874583864447,0 -122.37189207231917,37.718787503984885,0 -122.37203079286029,37.718819790965796,0 -122.37215548530995,37.718833975005786,0 -122.3723487111309,37.71879444571893,0 -122.37248554610824,37.7187140540175,0 -122.37261663366438,37.71864264621133,0 -122.37274968224283,37.71867489772595,0 -122.37294935257765,37.71871201462782,0 -122.37313790266758,37.718722030375545,0 -122.37326125213586,37.718727191380744,0 -122.37346697442077,37.7187192747127,0 -122.37363463239211,37.71868411051307,0 -122.37386883037323,37.7186628241055,0 -122.37400199303768,37.71868155523493,0 -122.37411817754327,37.71869569382372,0 -122.37423006810181,37.71871431480357,0 -122.3743770738048,37.71877367807241,0 -122.37454912723284,37.7184681437215,0 -122.3747106425243,37.71848927811858,0 -122.3748565450961,37.71884832674173,0 -122.3749909447407,37.71914197073428,0 -122.37514888922891,37.719503333399224,0 -122.37533102085615,37.71968681872757,0 -122.37554515945695,37.72002819875808,0 -122.37566910001668,37.72013250699584,0 -122.37587896802661,37.72030711854634,0 -122.3761978178502,37.72067835316026,0 -122.37640280980476,37.720927298058974,0 -122.37653405097285,37.72117585486315,0 -122.37660665101747,37.721313691576654,0 -122.37662297430448,37.72156614593457,0 -122.37659625661132,37.721876958326085,0 -122.37660325538572,37.72222625805812,0 -122.37661057845187,37.72253725100216,0 -122.37675843845271,37.72274984360825,0 -122.3769642128399,37.72290640816466,0 -122.37717159970303,37.72295482634557,0 -122.3773786137653,37.72304830314557,0 -122.37750509745563,37.72310305007283,0 -122.37760824201655,37.7231509160308,0 -122.37760739490523,37.72325230734672,0 -122.37773232451009,37.723408444514774,0 -122.37780026589166,37.723510202118234,0 -122.37801870293113,37.72359472681095,0 -122.37816912223215,37.723586507261665,0 -122.37827290908851,37.72355776227993,0 -122.37838949244608,37.72352457639609,0 -122.3785180665161,37.72341484153942,0 -122.37867041809334,37.72326016739726,0 -122.37893881673389,37.72305202783364,0 -122.37941947919131,37.72247771453221,0 -122.37991026027204,37.72204991727296,0 -122.38004585916755,37.72203260100346,0 -122.38013260588127,37.721920394747585,0 -122.38018572236574,37.72184406301821,0 -122.38067499337848,37.72159651745296,0 -122.38077250370594,37.721554215608236,0 -122.3811568514935,37.72138723844534,0 -122.3815975182595,37.721270124766114,0 -122.38171462713152,37.7210882201053,0 -122.38172774792456,37.720959852701725,0 -122.38167376995577,37.720628333997425,0 -122.38171596921453,37.72050011643809,0 -122.38182949740182,37.72015144950498,0 -122.38183198663349,37.719937398443264,0 -122.38171051015256,37.719535677625224,0 -122.38148103641154,37.719415047190815,0 -122.38126285000209,37.71930123886861,0 -122.38099816230192,37.71923675697759,0 -122.38072173362102,37.71913390559838,0 -122.38048093661585,37.71901096013157,0 -122.38034409624862,37.718922366362904,0 -122.3798616272792,37.71861112730067,0 -122.3795060713948,37.7183884317024,0 -122.37930193643298,37.71812146612674,0 -122.37899232218885,37.71791704204445,0 -122.37879902180772,37.71779659870392,0 -122.37863677438929,37.7176943415174,0 -122.37830898543034,37.717543897712105,0 -122.37816627187777,37.71748005170023,0 -122.37776463511423,37.71725710967582,0 -122.37739391656616,37.717068127488666,0 -122.37708815789124,37.71691329157739,0 -122.37645614727475,37.71659448816888,0 -122.37616932059446,37.71638115804847,0 -122.37603151363996,37.716155101652376,0 -122.37598382477647,37.71592275561972,0 -122.37604959852327,37.71560539192576,0 -122.3762391601162,37.71515573317574,0 -122.37653240795417,37.714771968124886,0 -122.37667417378411,37.71452485657251,0 -122.37675749342505,37.714313486808706,0 -122.37702663587068,37.71401296819388,0 -122.37731250315029,37.713831958880036,0 -122.37745721994592,37.713740338002765,0 -122.3777602719969,37.71353914092177,0 -122.37794779621079,37.71341619682999,0 -122.37827343909454,37.71305738766143,0 -122.37843667016818,37.71278560033324,0 -122.37850930614543,37.71266430298105,0 -122.37895360390179,37.71219119692338,0 -122.37941004508419,37.71170688932972,0 -122.37947683392724,37.711605841804264,0 -122.37960968218135,37.71140599486441,0 -122.37974123236988,37.7110213767852,0 -122.37974340629286,37.71084562902786,0 -122.37967631831081,37.71064247828296,0 -122.37957371812895,37.71053152615914,0 -122.37908108382378,37.710170657001306,0 -122.37882886294315,37.70997554495558,0 -122.37861187219131,37.709807656906385,0 -122.37846410920852,37.70958605487291,0 -122.37825891603133,37.70936415013846,0 -122.37820229252405,37.70926696053931,0 -122.37809907879286,37.70914473567478,0 -122.377880461192,37.70908725083842,0 -122.37766020686078,37.709140168841714,0 -122.37741608608907,37.70924928949557,0 -122.37728592289933,37.70946717285059,0 -122.37712633539248,37.70964208670113,0 -122.3768631388957,37.70999671801948,0 -122.37658396406498,37.710141708536725,0 -122.37606470908467,37.710082628305514,0 -122.37562746669653,37.70996764938325,0 -122.3753378776967,37.70983317010388,0 -122.37488071696377,37.70964146983458,0 -122.3746752318341,37.70945560870682,0 -122.37450315504987,37.70934428383176,0 -122.37437716183967,37.70923320113127,0 -122.3743439852596,37.70913162930375,0 -122.37438082067784,37.70896733255196,0 -122.37441795613337,37.70876698741373,0 -122.3744854196112,37.70867045086166,0 -122.37456221209327,37.70856045236877,0 -122.37465337582324,37.70842798675595,0 -122.37474412363325,37.7083450949765,0 -122.37487727821288,37.708278202132654,0 -122.37511866091963,37.708157804242695,0 -122.37546708328233,37.70804022475807,0 -122.37590610163979,37.70802677990266,0 -122.37626391229554,37.70805796431643,0 -122.37695716825144,37.70808190748987,0 -122.37776614158898,37.70808843234092,0 -122.37829773133645,37.70802814371912,0 -122.37892165172545,37.708033688531785,0 -122.37924600912004,37.70808046123432,0 -122.38004106755382,37.70805535252724,0 -122.38069849779788,37.70812415164358,0 -122.38117025435754,37.70826633291783,0 -122.3818212841052,37.70842297569907,0 -122.38197859707775,37.70843506449125,0 -122.38243101201104,37.70843067741833,0 -122.38308620814497,37.70842734500529,0 -122.3836628924214,37.708486694485,0 -122.3838509879638,37.708548516394636,0 -122.38412323858032,37.70863782046095,0 -122.3845604315611,37.70875952736206,0 -122.38501042373805,37.7087911684372,0 -122.38555300077977,37.70885934075857,0 -122.38579446433491,37.7088989059055,0 -122.38602499629133,37.708974467090286,0 -122.38641411503136,37.70925139381758,0 -122.38672577294277,37.7092913204908,0 -122.38683610312764,37.70924007127117,0 -122.38695783023856,37.709182116749226,0 -122.3871796197906,37.70902779310533,0 -122.3873773767139,37.70886432762273,0 -122.3877856484341,37.70853746593374,0 -122.38789224522067,37.70850872648373,0 -122.38820275778009,37.708429219087904,0 -122.38837627995365,37.70836702752101,0 -122.38858465945516,37.70837712213211,0 -122.38872245742647,37.70843416760387,0 -122.38899799767357,37.70855502201602,0 -122.3893660338522,37.70872367333551,0 -122.3897678098546,37.708928551324476,0 -122.39017186398456,37.70894190931305,0 -122.39031020094508,37.70893360925221,0 -122.39058858525834,37.70888096968924,0 -122.39091273334546,37.708781245868025,0 -122.39111082084875,37.70866284510981,0 -122.39132055051816,37.70850845002662,0 -122.39165816614802,37.708235290729554,0 -122.3920804947058,37.70766062092875,0 -122.3920561027509,37.70743516547285,0 -122.39202838343617,37.70718265088078,0 -122.3920085962454,37.70691440617575,0 -122.39183877333421,37.70661158969442,0 -122.39169195088755,37.706270580666335,0 -122.39158251093309,37.705781047597284,0 -122.39171718007228,37.70543924229938,0 -122.3918109264587,37.705680827790914,0 -122.39196265550345,37.70602862255276,0 -122.3921835269773,37.7063317029563,0 -122.39232212265262,37.70637748387527,0 -122.39246061951323,37.70634890278607,0 -122.3926358996898,37.70624389996997,0 -122.39273707694024,37.706183584972905,0 -122.39271669416644,37.70598744113864,0 -122.39268465844677,37.70582954448808,0 -122.39263139643526,37.705579151594584,0 -122.3925778784039,37.7053603058698,0 -122.39246917776295,37.705213281872574,0 -122.39237857368337,37.70502128465423,0 -122.39234290158346,37.704874635245424,0 -122.39243865929778,37.70443573288776,0 -122.39250056939053,37.70432113183988,0 -122.3926271321326,37.70392971012541,0 -122.39280332230254,37.70353854291903,0 -122.3930029243654,37.703145240012724,0 -122.39279384327965,37.7032230316714,0 -122.39247215298317,37.70354585068838,0 -122.392361488625,37.70363991914224,0 -122.39220490777939,37.703713470051234,0 -122.39224581256586,37.70330583180864,0 -122.39245854799816,37.702867535662804,0 -122.39249719891158,37.702649161683055,0 -122.39253290424918,37.70244429334378,0 -122.3925836213335,37.70205022839494,0 -122.3924597607238,37.701763420194496,0 -122.39242943898971,37.70139597437369,0 -122.39238698910097,37.70103747873217,0 -122.3922872626297,37.700660665026035,0 -122.39230333349013,37.700255152243095,0 -122.39249298760956,37.69986405093789,0 -122.39244395756134,37.69970381488948,0 -122.39223391078666,37.69911912735695,0 -122.3922372758757,37.69870678833443,0 -122.39219299791534,37.69813872746605,0 -122.39207220056079,37.697824894153186,0 -122.39207396844526,37.69760858438248,0 -122.39192997838667,37.69709634032982,0 -122.39180766647254,37.696881646920765,0 -122.39181040992742,37.69654591774194,0 -122.3917872630375,37.69642862477117,0 -122.39171442943089,37.69623221273944,0 -122.39171650992908,37.69597759864213,0 -122.39162005152882,37.69572247828511,0 -122.3915224073524,37.695525936436674,0 -122.3915245067152,37.69526906876747,0 -122.39138435785277,37.69428815521799,0 -122.39115159627784,37.693363096539656,0 -122.39110970873445,37.69311050984072,0 -122.39096459668009,37.69256445918127,0 -122.3909392426295,37.69237054689403,0 -122.39088157707647,37.6921404088108,0 -122.39084762525032,37.691957715397685,0 -122.39081035325087,37.69174796313671,0 -122.39077229612383,37.69154722242949,0 -122.39071920569056,37.69136443016828,0 -122.39066129130417,37.69125146733109,0 -122.39052562144177,37.69067842167729,0 -122.3902776657621,37.68918770143179,0 -122.39017080217589,37.68881985988227,0 -122.38992718266412,37.68879156063918,0 -122.3896869524959,37.68869567838116,0 -122.38952876007265,37.68836362221896,0 -122.3895219203001,37.68798728365913,0 -122.3894445376249,37.68765564659178,0 -122.38937213161637,37.68749528676711,0 -122.38915211354204,37.68700968606788,0 -122.38905369681443,37.6864773939891,0 -122.38885259456507,37.68593330278788,0 -122.38863988877713,37.685335071200925,0 -122.38856589275055,37.68476459954982,0 -122.3887286953278,37.68479248586667,0 -122.38885578538095,37.68493960865704,0 -122.38898392286968,37.685305307577266,0 -122.38909611346553,37.68545460970421,0 -122.38916971962328,37.685554136705505,0 -122.38937159891539,37.68574446181818,0 -122.38925760270583,37.68538333762561,0 -122.38915660422013,37.684992991062366,0 -122.38912411485124,37.68454666917951,0 -122.38904314340648,37.68430739639488,0 -122.38877283225266,37.68407841483975,0 -122.38869125893665,37.68399912437655,0 -122.38870311310514,37.68385046483795,0 -122.38875266507453,37.6837718587507,0 -122.38888112236351,37.68375224151792,0 -122.38887483595315,37.68322268375539,0 -122.38874901072795,37.68274883454179,0 -122.38849489260541,37.6819295643989,0 -122.38827526889152,37.68113976258032,0 -122.38828307974292,37.681051924070445,0 -122.38826307426152,37.680898594785035,0 -122.38821954100455,37.68058966589744,0 -122.38819364437154,37.68046334485968,0 -122.38816605171927,37.680370819635684,0 -122.3881573075183,37.68014093723039,0 -122.38796882839526,37.678839792746146,0 -122.38773734602127,37.678804791634306,0 -122.38758231476955,37.678781453284735,0 -122.38740914024405,37.67880984450758,0 -122.38727470915838,37.67895336103789,0 -122.38687057418005,37.67853890279925,0 -122.38660886439506,37.67821531867125,0 -122.38633442548252,37.67797504075778,0 -122.38604834979375,37.677770751946696,0 -122.38562222854884,37.67770318736582,0 -122.38511408393195,37.67769828514531,0 -122.38465323561479,37.67763053564296,0 -122.38424979772911,37.67756308326975,0 -122.38395091565766,37.67745111043159,0 -122.38368676515007,37.677339320147645,0 -122.38341595453294,37.677175662502755,0 -122.38323187086661,37.67715216864552,0 -122.38300946057868,37.67713523363948,0 -122.38239275366139,37.67714552304785,0 -122.38146610551321,37.677181228108545,0 -122.38134420502747,37.6771805853764,0 -122.38118789547309,37.67705583692749,0 -122.38111998104097,37.675419570019095,0 -122.38117928152784,37.67169289576832,0 -122.38131255199012,37.671603462586866,0 -122.38156980253802,37.67160481214148,0 -122.38184262448308,37.67160849533042,0 -122.38213456167907,37.67161453206248,0 -122.3848903665953,37.67165823045098,0 -122.38706945399741,37.67168084222558,0 -122.38740230765798,37.671623982497984,0 -122.38777071034923,37.671035526163465,0 -122.38785549514238,37.670808380809916,0 -122.38790362507868,37.67047063438127,0 -122.38800460290314,37.6692205666517,0 -122.38802354298261,37.6688128170059,0 -122.3881335919948,37.668270334106374,0 -122.38824125687822,37.66810414565688,0 -122.38836202189344,37.668068719946994,0 -122.388472533538,37.668073801283285,0 -122.38864963819292,37.668081480173,0 -122.38934464047371,37.668193239607184,0 -122.39019802382394,37.66826300010631,0 -122.3910380366495,37.66832141965634,0 -122.39129575342308,37.66826416342069,0 -122.39155240479467,37.66833759227188,0 -122.39170435123172,37.668302323820285,0 -122.39185608297142,37.66820621455589,0 -122.39208395950786,37.668157817495135,0 -122.3924267629085,37.66818211557972,0 -122.39266673526022,37.66821489675571,0 -122.39276703934821,37.668168093215876,0 -122.39294053097902,37.66792337551989,0 -122.393019385993,37.667551986190034,0 -122.3930210559611,37.66734694266812,0 -122.39270895338362,37.66659948524207,0 -122.39271003585355,37.66646654645205,0 -122.3927717698765,37.66636996833505,0 -122.39529446377313,37.66498812457084,0 -122.3953405832798,37.66489372122154,0 -122.39528110492654,37.664713149486104,0 -122.39493621384118,37.664337330233195,0 -122.39480045324893,37.66430058077127,0 -122.39466430907606,37.66431114929231,0 -122.39233888521579,37.66557457022716,0 -122.39203483244158,37.66575326968344,0 -122.39162309681765,37.66584128061283,0 -122.39155439007145,37.665750793645664,0 -122.39146523766941,37.66564668052032,0 -122.39100190281552,37.66589215166176,0 -122.39068868992034,37.665890538186964,0 -122.39046321997056,37.665905145501156,0 -122.39013016418909,37.66590342251806,0 -122.38996345483865,37.665925092423315,0 -122.38976646417832,37.66600969985331,0 -122.38958053806732,37.665954660449174,0 -122.38938503322046,37.665944635438386,0 -122.38917932980019,37.66596835612777,0 -122.3889839516158,37.66594255833109,0 -122.38866042516285,37.66590257347064,0 -122.38816300912539,37.66563635822916,0 -122.38782196103284,37.66540024076022,0 -122.38755878968888,37.665173541797465,0 -122.38746274181871,37.664961233466606,0 -122.38750247250711,37.6648690515748,0 -122.38758240999096,37.6647139893027,0 -122.38738612271152,37.664712970287276,0 -122.38723737517519,37.66479106252719,0 -122.38715065361428,37.66465090702934,0 -122.38689291078958,37.664712660956006,0 -122.3864693479466,37.664773547993285,0 -122.38635080626172,37.66479771776457,0 -122.38606588850136,37.664802997012146,0 -122.38595728487846,37.66482496448069,0 -122.38583822486565,37.66491222416231,0 -122.38573870770182,37.66512126440643,0 -122.3857173053402,37.665310434489804,0 -122.38577207562308,37.66580194066186,0 -122.38579029974522,37.66599807488836,0 -122.3857483672861,37.66618488333291,0 -122.38562486690083,37.666380277013445,0 -122.38549556429716,37.66650579289804,0 -122.38537713310502,37.666602065781476,0 -122.38525799404047,37.66669833640679,0 -122.38528697548819,37.666793130691715,0 -122.38594076396208,37.667346341804546,0 -122.38608784961512,37.66747104186893,0 -122.3849269648583,37.66808240314724,0 -122.38463127539936,37.66818902081071,0 -122.38437506510053,37.66823500518168,0 -122.38392224323046,37.66823263873188,0 -122.3814639360818,37.66805077456431,0 -122.38130671204244,37.66803868274306,0 -122.38117986992432,37.66795239095526,0 -122.3811691521247,37.667706723259286,0 -122.38114313511743,37.66708467058864,0 -122.38116359604466,37.66692479178778,0 -122.38113402799709,37.6666452252725,0 -122.38114156845558,37.66641993238186,0 -122.38114599265836,37.66622842350065,0 -122.38115394005366,37.666124815210104,0 -122.38113711640503,37.665505062485614,0 -122.38112741190501,37.665137717893636,0 -122.38113186395556,37.664601450944666,0 -122.38122113313861,37.66451854785807,0 -122.38135631072423,37.664453910934654,0 -122.38153310905363,37.66441202447725,0 -122.38226085043497,37.66441583957838,0 -122.38278009463549,37.66435320860633,0 -122.38324811061031,37.66431510093181,0 -122.38350812617267,37.664339614318465,0 -122.38354141324552,37.66425641653958,0 -122.38353129192723,37.6641098991342,0 -122.38345575169666,37.66399007948251,0 -122.3834270370486,37.663863742984226,0 -122.38327881053516,37.66379311576756,0 -122.38326426860733,37.663666854312375,0 -122.38337725241557,37.663629140955244,0 -122.38346008606791,37.66355296537682,0 -122.38340042266168,37.66346414177033,0 -122.38319490878595,37.663208441660665,0 -122.38296845338428,37.66299995212767,0 -122.38262713579711,37.66279987105923,0 -122.3822489908766,37.66268297273132,0 -122.38190631413842,37.66264737803035,0 -122.37961565867292,37.66269393971309,0 -122.37926277886976,37.66269208225265,0 -122.37912674608798,37.66277473990766,0 -122.37910736403741,37.662889558764974,0 -122.37907227674074,37.66310343891151,0 -122.37910043443331,37.66346637041521,0 -122.3790992522504,37.66360832229784,0 -122.3790151052611,37.66375659857095,0 -122.37891053058223,37.66380562143834,0 -122.37852688168397,37.66375402717705,0 -122.37824676362217,37.66369396490932,0 -122.37836779453875,37.663541377716264,0 -122.37840485453577,37.66343116151621,0 -122.37840184068799,37.66328242449834,0 -122.37839726556824,37.66306608367373,0 -122.37831593839063,37.66287637310527,0 -122.37790277354708,37.66262633153712,0 -122.37757587392022,37.662568273023744,0 -122.37617365047409,37.662551852389996,0 -122.375747787944,37.66254959811708,0 -122.37554009385704,37.662557510828016,0 -122.37522876203408,37.6625874122915,0 -122.37501051364086,37.662586253866074,0 -122.37475108467838,37.66251051811646,0 -122.37455547832191,37.66234499234294,0 -122.37446319169781,37.66219578309143,0 -122.37445623155098,37.661758600817876,0 -122.37448210033622,37.661546925587196,0 -122.37441520369534,37.661327999693135,0 -122.37439705772658,37.66104173092325,0 -122.37460800371485,37.6607296408178,0 -122.37563765359184,37.660554829193465,0 -122.37593698302429,37.66060373185825,0 -122.37637528452615,37.6606421010062,0 -122.37673309697855,37.66064624698364,0 -122.37710342386116,37.66059412285625,0 -122.37746024187854,37.660632062477276,0 -122.37784136022266,37.66064533742876,0 -122.37850114405276,37.66046629712552,0 -122.37879153704478,37.66031234713764,0 -122.37900347387477,37.65996419999681,0 -122.37897323029412,37.65959674691257,0 -122.37877928222767,37.65940194199256,0 -122.37856232830676,37.659161945940824,0 -122.37833474731605,37.65892189364258,0 -122.37808285072722,37.6587087538598,0 -122.37767313541435,37.65821762173277,0 -122.37682739403222,37.6575033603731,0 -122.3765213478964,37.656987985382194,0 -122.37633275109408,37.65632451156817,0 -122.37629389266984,37.655718162656065,0 -122.37631419190029,37.65557856467301,0 -122.37627894919508,37.655386844333755,0 -122.37618216201143,37.65518353595671,0 -122.37584995693452,37.65500151322448,0 -122.37569412258892,37.654996182073475,0 -122.37557285900873,37.654923431311076,0 -122.37547557685335,37.654864331265394,0 -122.37561094757676,37.6547749133666,0 -122.37586020401697,37.65470863432784,0 -122.37613079993673,37.65471682453216,0 -122.37628392137019,37.654622995574556,0 -122.37643628642215,37.6544502932287,0 -122.37656527102222,37.6542774695761,0 -122.37678930815913,37.65383700395442,0 -122.37693303680796,37.65342540605609,0 -122.37708716704948,37.65304090044955,0 -122.37715038329263,37.652682956984215,0 -122.37786102164928,37.65248008145131,0 -122.37778086407815,37.65232192863292,0 -122.37770303224532,37.65222462444384,0 -122.37769200722185,37.652102886632925,0 -122.37795255728179,37.65195554866512,0 -122.3776760711087,37.651838481058746,0 -122.37757526755739,37.65177710759942,0 -122.3780304807428,37.65131081928641,0 -122.37855734535187,37.6507480099748,0 -122.37907063102712,37.65019864747235,0 -122.37928253821275,37.6498504962942,0 -122.37942576111008,37.64941185224901,0 -122.37955072844422,37.64861257958163,0 -122.37963503263865,37.64827277120643,0 -122.37991633917157,37.647927236287266,0 -122.38038124338225,37.647654774941934,0 -122.38059646535126,37.64758830532922,0 -122.38093669238366,37.647484185225785,0 -122.38116934526248,37.64736598035887,0 -122.38122880025955,37.6472017957143,0 -122.38116183714334,37.646989634435016,0 -122.3809895968657,37.64691437071168,0 -122.38069039409571,37.64685646635077,0 -122.3804138414473,37.64680093547928,0 -122.38019569905526,37.64670740308099,0 -122.38018646078086,37.64654060800402,0 -122.3802114294542,37.64634920503483,0 -122.38048889479093,37.6462943310094,0 -122.3809508534258,37.64628999360677,0 -122.38128693293655,37.646172332394094,0 -122.38166889390038,37.64607518943349,0 -122.3825490704023,37.645786865271305,0 -122.3829785459565,37.64559758071375,0 -122.38333913510142,37.64534258513305,0 -122.383688312049,37.64509654458368,0 -122.38389716316603,37.64494215657862,0 -122.38429108519789,37.64485407961865,0 -122.38453388634447,37.64479225440418,0 -122.38478919383641,37.64467415763832,0 -122.38501015963337,37.644510817046914,0 -122.38522155837256,37.64421898649193,0 -122.38537495828375,37.64391558753991,0 -122.38532292876079,37.64343761070161,0 -122.38527985723786,37.64316247969048,0 -122.38547361575982,37.64234553032119,0 -122.38566194127093,37.6420152712496,0 -122.38588243635067,37.641908261757266,0 -122.38604549315114,37.64180770881505,0 -122.3860818722252,37.64160509806421,0 -122.38595796759807,37.641338560249366,0 -122.38572918735645,37.64116161023496,0 -122.3854208064992,37.64093016237445,0 -122.38499671814176,37.64064178054082,0 -122.38461685564242,37.64057445602657,0 -122.38413286043533,37.640506583720885,0 -122.38379897191558,37.64044850648889,0 -122.38351164667026,37.64032757595245,0 -122.3831799015308,37.64009600669936,0 -122.3827358427263,37.63956865630012,0 -122.382623061039,37.63932921146575,0 -122.38244373305378,37.63891366269039,0 -122.38227525671718,37.6384711262408,0 -122.38200336363015,37.638028050077104,0 -122.38182665513227,37.63738267125362,0 -122.38162455754956,37.636894893059,0 -122.38060601534106,37.636114406287064,0 -122.38012552895347,37.63579867015096,0 -122.37968838178676,37.63563863861419,0 -122.37927275466099,37.635701798178275,0 -122.37901756754329,37.63563735954428,0 -122.37901856287664,37.635517939985874,0 -122.37910869623897,37.63541250610522,0 -122.37921818919403,37.63536350930961,0 -122.37928270799435,37.63527146353973,0 -122.37942176540368,37.63524515354843,0 -122.37955271372098,37.63525711127844,0 -122.37979490760641,37.635265143565405,0 -122.38000106916749,37.63526171965289,0 -122.38022909392596,37.63526968008914,0 -122.38044923417115,37.635288863385284,0 -122.38062206913351,37.63528977325079,0 -122.38077493903867,37.63530634503639,0 -122.38097547085788,37.63529838744962,0 -122.38125089791723,37.6353133465169,0 -122.3815687542041,37.63533754793086,0 -122.38187177032249,37.63535716373316,0 -122.38210044905448,37.63537188305102,0 -122.38232234640438,37.63535051154807,0 -122.3825505400461,37.635338186045686,0 -122.38279851099713,37.63533272187649,0 -122.38308834972862,37.63531846353023,0 -122.38325536720119,37.63533736368145,0 -122.3836618360026,37.635353009229846,0 -122.38391204645367,37.635334036521044,0 -122.38412436237275,37.63535767664356,0 -122.38434619953551,37.63534306118549,0 -122.38456652573201,37.63533970414703,0 -122.38480298207773,37.63535671200207,0 -122.38497508670973,37.63535985989184,0 -122.38521746654644,37.63534535185371,0 -122.38538207833068,37.63531241104176,0 -122.38548895718823,37.63515072803409,0 -122.38561447518963,37.6350477265879,0 -122.38579260302564,37.635093723659935,0 -122.38586847293789,37.63517072874726,0 -122.38599895862282,37.63523900786208,0 -122.38615005435526,37.635212754059026,0 -122.38631673585795,37.6351865820564,0 -122.38674745288384,37.635096434767355,0 -122.3869139044178,37.63501167259776,0 -122.38723946645317,37.634873659090715,0 -122.38740610573498,37.63476636542552,0 -122.38760269395006,37.634634436019766,0 -122.38780296974942,37.63448450379784,0 -122.38800539252227,37.63433232752615,0 -122.38816589092083,37.634195706387295,0 -122.38832085300228,37.634043282668394,0 -122.38843167726057,37.63391766779993,0 -122.38854505093764,37.63374024481326,0 -122.38860852140404,37.633515239795365,0 -122.38868151311415,37.633251980292236,0 -122.38872544971467,37.63307644521942,0 -122.38876291575022,37.6328265209991,0 -122.38879911785617,37.63264418949984,0 -122.38885031464085,37.63236053132216,0 -122.38884662436168,37.632119406364644,0 -122.38885064162763,37.63180170609258,0 -122.388874014893,37.63154269483491,0 -122.38887050517519,37.63127903848202,0 -122.38889385688098,37.63102228063271,0 -122.38885464721547,37.630880117768676,0 -122.38877108143616,37.630791804305034,0 -122.38866158309123,37.630669553284314,0 -122.38855456589312,37.63050450932074,0 -122.38844534333099,37.630348459669875,0 -122.3882808052086,37.630201140445365,0 -122.38811040108742,37.630078578266016,0 -122.38797328403908,37.6299561844956,0 -122.38784253963938,37.6298338303643,0 -122.38769972008559,37.62971591471546,0 -122.3875008923705,37.62960446873877,0 -122.38732873833115,37.629522456436504,0 -122.38716935025029,37.62943825564145,0 -122.38694364673853,37.62932216066496,0 -122.38639363793446,37.6291074888497,0 -122.38610412079984,37.629000077296034,0 -122.38590587429475,37.62890440450151,0 -122.38580857866464,37.62884981782245,0 -122.3854789858886,37.62879176705146,0 -122.38531820991061,37.628790930385804,0 -122.38500718890474,37.628886204203276,0 -122.38470174284352,37.62899277072075,0 -122.38434054194586,37.62915988692903,0 -122.38409840914588,37.629232982365835,0 -122.38374522571215,37.62937309728529,0 -122.38347337843918,37.629441531841834,0 -122.38328674715068,37.62948336901528,0 -122.38301695162983,37.62956082670266,0 -122.38267580292595,37.629701003610904,0 -122.38237185794956,37.62979630471933,0 -122.38204492778,37.62992979080684,0 -122.38165554044369,37.630078727667986,0 -122.38139994099927,37.63015174607729,0 -122.38117124160604,37.630227159110646,0 -122.3808602816856,37.63031341008139,0 -122.38054886092941,37.630370361207824,0 -122.38025659764499,37.63042290566374,0 -122.37985005967327,37.63041851611113,0 -122.3797309008458,37.63043817020646,0 -122.37961995980653,37.63049166722478,0 -122.37943906246448,37.630610141540565,0 -122.37936614261962,37.63069087917895,0 -122.37953122152781,37.63128212038181,0 -122.37935499452693,37.631520045935574,0 -122.37903109347651,37.63162875290604,0 -122.37880833823552,37.63158476844099,0 -122.37860539354148,37.631543140186324,0 -122.37829475701454,37.63141982397518,0 -122.37800670593047,37.63139126736129,0 -122.3777536073958,37.631333597054095,0 -122.37752470767828,37.63117691241646,0 -122.37723999832706,37.63083290225317,0 -122.37703524891761,37.63058395582257,0 -122.37699354193562,37.63023446627597,0 -122.37691882635848,37.6296820074043,0 -122.37677082711879,37.62950771888537,0 -122.37620563948138,37.629502479815066,0 -122.37599903594918,37.62939097162264,0 -122.3757940673508,37.62916906103564,0 -122.37566939107084,37.629001653865615,0 -122.37536023317085,37.62878820624223,0 -122.37510589046951,37.62879587283149,0 -122.37494188325148,37.62884232412108,0 -122.37481763277295,37.62887771732199,0 -122.37466639331004,37.628921982988736,0 -122.37444677229105,37.62892757995886,0 -122.3743205212644,37.628863816307806,0 -122.37425282152962,37.628744030850115,0 -122.37410485103604,37.62856748624997,0 -122.37389895986786,37.62845597878908,0 -122.37366861745596,37.62838941018098,0 -122.37319682765866,37.62831254462619,0 -122.37272387813628,37.628289753162896,0 -122.37229673820183,37.6282942403106,0 -122.37218304382621,37.62842207730618,0 -122.3720729283387,37.62854542196952,0 -122.37193393021813,37.62873396239719,0 -122.37170420225391,37.628678660584214,0 -122.37138155165836,37.62863863573713,0 -122.3712665789801,37.62858168755243,0 -122.37086551444338,37.62834971173577,0 -122.37052081020762,37.628237459765536,0 -122.36994616870014,37.62801131398326,0 -122.36954465231088,37.62783340875493,0 -122.3693024260861,37.62783211247562,0 -122.36907138298828,37.62784890718817,0 -122.36864391876202,37.62789168367254,0 -122.36832049651363,37.62794403138398,0 -122.36807402395252,37.62802608669256,0 -122.36732857138702,37.62906763711538,0 -122.36712102731873,37.62898540651745,0 -122.36700243981974,37.62893744917981,0 -122.36667045123683,37.628913136118236,0 -122.36655913829502,37.62875930996665,0 -122.36527156772695,37.62824538893873,0 -122.36482714420644,37.626868466264135,0 -122.36472215181097,37.62680480756701,0 -122.36472397359435,37.62667412617599,0 -122.36471419453419,37.62649155119969,0 -122.36471662807028,37.62628876634913,0 -122.3647997824212,37.62608866392232,0 -122.36495188516511,37.62594301818736,0 -122.3650923493362,37.6257499869363,0 -122.3652213824453,37.62556816101422,0 -122.36525821427026,37.62540161374271,0 -122.3652614904261,37.62509968471866,0 -122.36528792514996,37.624822665103224,0 -122.36569856932084,37.62425703325387,0 -122.36598235520393,37.62361636164555,0 -122.36618283851409,37.62327718316941,0 -122.36627786859307,37.62301179913088,0 -122.36635180802578,37.62264490390601,0 -122.36629897540897,37.62219395226691,0 -122.36615291293705,37.62187995499046,0 -122.36574361174752,37.62137300840271,0 -122.36543459128977,37.62115051960084,0 -122.36498936916698,37.620787590491304,0 -122.36459118193412,37.62030773940918,0 -122.36438870616065,37.619883022859206,0 -122.36418529074939,37.61956871412985,0 -122.36371796557903,37.61905919378286,0 -122.36322640835388,37.61865094029083,0 -122.36287114352365,37.61845523602541,0 -122.36250399398219,37.618324815325956,0 -122.3616309941211,37.61796857383804,0 -122.36079364659697,37.61758548144376,0 -122.3602989731161,37.61746111885387,0 -122.35976999387286,37.61729150509452,0 -122.35939089044989,37.617151993575575,0 -122.35899009810272,37.6168996968202,0 -122.35856592889694,37.616730644628696,0 -122.35824372745903,37.616645518538114,0 -122.35768130753102,37.616412618856984,0 -122.35720874967411,37.61635371231707,0 -122.35661134575567,37.61615441924349,0 -122.35638222684918,37.61603374162878,0 -122.35609560498476,37.61584740261991,0 -122.35582102324004,37.6156611321669,0 -122.35538576433207,37.6153838468287,0 -122.3553009184535,37.615121996077704,0 -122.35524157664413,37.61494140650911,0 -122.35470209340026,37.61467932293483,0 -122.35455347432303,37.614586124395615,0 -122.35447479807381,37.61443021495366,0 -122.35436183582513,37.61422679377368,0 -122.35426076637253,37.61395809414177,0 -122.35426463900973,37.61367419671628,0 -122.35432674673183,37.613289214961604,0 -122.3544321038433,37.61314332640087,0 -122.35450372831752,37.612967956607775,0 -122.35453984688017,37.61280365966242,0 -122.35455284101074,37.61269331693476,0 -122.35455497001797,37.612528837211435,0 -122.35446420064841,37.612379617547795,0 -122.35439631316574,37.612286861593205,0 -122.35438687187211,37.612068235264395,0 -122.35471104241712,37.61200466138436,0 -122.3550339184898,37.61200868198662,0 -122.35525288014536,37.61199184882642,0 -122.35557790319156,37.61182913092802,0 -122.35579946546987,37.611674861669414,0 -122.35595149006033,37.611454862256856,0 -122.35598895340094,37.611216216365634,0 -122.35602776870608,37.610903212406846,0 -122.35620328963113,37.610667570644566,0 -122.35638946277881,37.61051085098538,0 -122.35686679607976,37.61017545409233,0 -122.35700060642954,37.61001394056761,0 -122.35714729682385,37.6098367295199,0 -122.35733510041376,37.60957185756282,0 -122.35760378651526,37.60928940082528,0 -122.35784909665641,37.60900681207335,0 -122.35801235018795,37.608879259794364,0 -122.35840563441596,37.60876422721618,0 -122.35900537485247,37.608767485825055,0 -122.359467814086,37.608679862003626,0 -122.35987361184593,37.608508557984976,0 -122.36033589387428,37.60843895769761,0 -122.36064760029471,37.60842261903458,0 -122.360981561578,37.608453722198256,0 -122.36143243500226,37.60839306795699,0 -122.36182524671642,37.60833210125355,0 -122.3621829046586,37.60832501966207,0 -122.36241444452477,37.60824290133267,0 -122.36262315550461,37.608180931083034,0 -122.36299221396605,37.608164897660245,0 -122.36339627707918,37.608113000015955,0 -122.3636748401572,37.607997327903234,0 -122.36374549804417,37.60784898728758,0 -122.36362086308672,37.60768382362722,0 -122.3631523638183,37.60732076117898,0 -122.36307233650287,37.60723920964285,0 -122.36298178901717,37.60706295841592,0 -122.36296195062245,37.60681498421753,0 -122.36297782744678,37.606447777066045,0 -122.36277311486828,37.60620781489375,0 -122.36248801115663,37.60592911438093,0 -122.36240846533823,37.60579123546755,0 -122.36280291198622,37.60561985718718,0 -122.36313624714376,37.6057230552681,0 -122.36341106245044,37.605880018443486,0 -122.36380330193778,37.60588438595992,0 -122.3638860520468,37.60572935426913,0 -122.36369362572641,37.60537679371342,0 -122.36355774116663,37.60520255425197,0 -122.36316310048257,37.604400491647304,0 -122.36301723923324,37.6040684605238,0 -122.36297372933245,37.60385641095243,0 -122.36305805328983,37.60351661212667,0 -122.36300314017487,37.60331351551922,0 -122.36272833834292,37.60315654977503,0 -122.36229095671591,37.603050534796495,0 -122.36170479790819,37.60287160619902,0 -122.36142968975076,37.60275069280857,0 -122.36120005341468,37.60261199239461,0 -122.36115662346394,37.602390929935225,0 -122.3611844685428,37.60203280082359,0 -122.36129012928485,37.6018485953089,0 -122.3614428985787,37.601619586469994,0 -122.3615068397623,37.60109715503813,0 -122.36147810804626,37.60056520992909,0 -122.36126572295689,37.599982700726066,0 -122.36098235748536,37.599586830520195,0 -122.36064119171348,37.59916135292982,0 -122.36007065011697,37.598651260022535,0 -122.35977504689633,37.59828010866575,0 -122.35916329778111,37.5973754515949,0 -122.35867183128579,37.59697619451077,0 -122.35823643852882,37.596725961023935,0 -122.35784708173523,37.59647371810992,0 -122.3575149700831,37.59631642903056,0 -122.35680217307481,37.59613453398033,0 -122.35578848626045,37.596034368235635,0 -122.35502791864202,37.595973878961935,0 -122.3546138572798,37.59587922704707,0 -122.35412045042347,37.59562640828968,0 -122.35381323198621,37.595293486017475,0 -122.35371066953356,37.595200535083556,0 -122.35371162534103,37.59509012780615,0 -122.35377196338204,37.59490793721889,0 -122.35371572974357,37.59477918846988,0 -122.3534974615874,37.59472165774212,0 -122.35314116010133,37.59457999987079,0 -122.35277574430835,37.59426478060069,0 -122.35230697015544,37.59394899483907,0 -122.35198685460564,37.593717396408564,0 -122.35158636499072,37.59344704963259,0 -122.35117453414534,37.59317889276762,0 -122.35080746635056,37.59297407387254,0 -122.35030284851949,37.59279328176399,0 -122.34962372485964,37.59265208644835,0 -122.34806863869491,37.59253760177417,0 -122.34743459608929,37.59250480286022,0 -122.34677813692403,37.59244483744807,0 -122.34645605496208,37.592359682137804,0 -122.34579330848818,37.59212842113753,0 -122.34419748462359,37.59213984625756,0 -122.3438776286869,37.592124546803575,0 -122.34359174433934,37.59210943668558,0 -122.34333685725893,37.59211252803886,0 -122.3418995465161,37.59213156302791,0 -122.33906402150832,37.592151771060124,0 -122.33869515798128,37.59215421324923,0 -122.33833573305294,37.592129665366016,0 -122.33475623141169,37.59214108763864,0 -122.33457688815508,37.58994081537049,0 -122.334568565264,37.58984162075744,0 -122.33456007528626,37.58960271760614,0 -122.33390299538515,37.58906046202999,0 -122.33370916679463,37.58888586332022,0 -122.33349038570043,37.5888102638546,0 -122.33308699093391,37.58879672123193,0 -122.3326140450048,37.58880306295235,0 -122.33204867141612,37.588853943333795,0 -122.33060452988389,37.58908912245721,0 -122.3301418346305,37.58921493763724,0 -122.32977108733631,37.58935028611447,0 -122.3294807922607,37.589513135044164,0 -122.32908619469572,37.58970242576302,0 -122.32870394986425,37.58985573336015,0 -122.32826358044059,37.59001771916824,0 -122.32784723376429,37.590105484556915,0 -122.32736116704214,37.59023115565503,0 -122.32673740834991,37.59031773134331,0 -122.32564842025683,37.59073063903096,0 -122.32503279041957,37.591092159513984,0 -122.32424399324331,37.59150000978605,0 -122.32354854449983,37.59176191736112,0 -122.3230641118132,37.59178392778269,0 -122.3225451281241,37.59178996317265,0 -122.32216369896287,37.5918508665582,0 -122.32178675239493,37.59180814265555,0 -122.32143279910501,37.59196158542849,0 -122.32097313117409,37.592062596581556,0 -122.32044888425577,37.59194691090081,0 -122.32005019216975,37.59157056194695,0 -122.3198295318,37.59154675913289,0 -122.3191187910354,37.591542659125885,0 -122.31867742627843,37.591499552094014,0 -122.3178520497038,37.591490280092806,0 -122.31688147303989,37.591565784301395,0 -122.31643237109338,37.591594733469,0 -122.3159741961625,37.591686716580604,0 -122.31564549092195,37.59186507843238,0 -122.31541552131091,37.59208457274768,0 -122.3153193422867,37.59222823054533,0 -122.315108765506,37.592339672754036,0 -122.31495827523804,37.592383867639555,0 -122.3148394667535,37.5923696594234,0 -122.31487188515548,37.592076909491155,0 -122.31548571476888,37.591377430078865,0 -122.31564273309402,37.59123863372294,0 -122.31607634269515,37.59120059033196,0 -122.31708952735127,37.59126504185816,0 -122.3178757122267,37.59122452209427,0 -122.3183351340192,37.59115056145653,0 -122.31853781910011,37.590971464725726,0 -122.31841116293324,37.590731879723734,0 -122.31833800233989,37.59005996006048,0 -122.31839109816309,37.58734273889881,0 -122.31828199058528,37.58688693264036,0 -122.31805949855068,37.58675495457685,0 -122.317810497232,37.586735486829916,0 -122.31761155543087,37.58681545561503,0 -122.31750372705406,37.58699510406458,0 -122.31744411844507,37.587166011291494,0 -122.31749011488257,37.58740062555927,0 -122.3175015908603,37.59033003298973,0 -122.31736485200273,37.59041938038052,0 -122.31707619365753,37.5903996808276,0 -122.3170186655467,37.590187533217886,0 -122.31703747896374,37.58967838816118,0 -122.31699406428434,37.58699215344511,0 -122.31688736059827,37.586739159990074,0 -122.31667057645896,37.58660270766207,0 -122.31637460852231,37.58661000558931,0 -122.3159701357774,37.586715823318315,0 -122.31556901734182,37.58707403184682,0 -122.31555351152171,37.587375892451746,0 -122.31557319181294,37.58770048598316,0 -122.3156925779142,37.588269021857144,0 -122.31578799067549,37.589910006279425,0 -122.3155770626535,37.59021523652569,0 -122.31556796182134,37.59043601341902,0 -122.31548848427491,37.590611309630766,0 -122.31510880323523,37.59063614772367,0 -122.31490133911701,37.5905628399485,0 -122.31469529613355,37.59048953352472,0 -122.31427238546745,37.5904420119038,0 -122.31415936213332,37.590261087652095,0 -122.31406880835945,37.59017718620519,0 -122.31402994813857,37.59001472097654,0 -122.31400391136837,37.5898433170318,0 -122.31406030041539,37.58963858932405,0 -122.31414261573983,37.5895399217712,0 -122.3141441895882,37.589368676894225,0 -122.3141182812771,37.58926036441822,0 -122.31409156538054,37.58916331862357,0 -122.3140923684744,37.58907544250202,0 -122.3141069148938,37.58895609763504,0 -122.31409475080655,37.588816320840735,0 -122.31405880292381,37.58833615100724,0 -122.31406277437569,37.58790353338103,0 -122.31407820743226,37.5876873019278,0 -122.31405319114822,37.58748210203077,0 -122.31390720233816,37.58711395805257,0 -122.31384204034406,37.5868093778224,0 -122.31384452238919,37.58653899171543,0 -122.31394165003437,37.58629168944099,0 -122.31409299190523,37.58607624631636,0 -122.31435242895253,37.58588396937327,0 -122.3146667889963,37.5857235527678,0 -122.31525186084254,37.585607519098744,0 -122.31549124659442,37.58543990921234,0 -122.31552019210949,37.585293607965085,0 -122.3156348503774,37.58514104412759,0 -122.31579156866526,37.58503379330318,0 -122.31587300453903,37.58495314419204,0 -122.31609945994066,37.58480573787585,0 -122.3162288649523,37.58474339501556,0 -122.31658429866584,37.58465757241157,0 -122.31532289781858,37.58357090869338,0 -122.31503945239699,37.583835162052885,0 -122.3142604046365,37.58426328006179,0 -122.31334210722721,37.584591437278355,0 -122.31265186691572,37.584751913273294,0 -122.31138264174237,37.5847512725887,0 -122.31108410103072,37.58480811979693,0 -122.31093528791737,37.58490189025975,0 -122.31082128631795,37.585058959293285,0 -122.31076678732629,37.585288482525705,0 -122.31074321732986,37.586232497083174,0 -122.31063173101322,37.58627014864468,0 -122.3103792532144,37.58616727595141,0 -122.31017253649448,37.586091705046364,0 -122.30997785719937,37.58601620809797,0 -122.30985191968476,37.585932098985744,0 -122.30962280257489,37.585829357519714,0 -122.30956630213677,37.58573889269005,0 -122.30948810379131,37.585544648706765,0 -122.30931890700585,37.58523945696828,0 -122.30916961239552,37.585155211723475,0 -122.30895174219305,37.58506154693632,0 -122.30864053882915,37.58503268563497,0 -122.3084111800725,37.58495698330587,0 -122.30824000968839,37.58478923313975,0 -122.30829923920831,37.58466113746966,0 -122.30864974925578,37.584343218044665,0 -122.30919432774394,37.584089523641126,0 -122.30956671087024,37.58385510182312,0 -122.31002982024697,37.583684305166855,0 -122.31040082445932,37.583521976685255,0 -122.31053018725015,37.58331091716642,0 -122.31048684084271,37.58309885257586,0 -122.3102105999097,37.58304090419525,0 -122.30987708688572,37.58297585895122,0 -122.30964817010022,37.58285284234295,0 -122.3095000055705,37.58272353383782,0 -122.30928464076935,37.582436098694984,0 -122.30921791570665,37.582226148790824,0 -122.3091033957793,37.582133090413805,0 -122.30849490215869,37.58195151237591,0 -122.308207678423,37.581857441334684,0 -122.30796800431192,37.5816735161982,0 -122.30761608301117,37.581227545795564,0 -122.30722765058401,37.58090303865601,0 -122.30688351677843,37.58076356567527,0 -122.30657289282792,37.58075047151578,0 -122.30620308606983,37.58078435415266,0 -122.30572924721537,37.580891979867886,0 -122.30552048143826,37.5809628595948,0 -122.30528965393613,37.580970516876526,0 -122.30486432949687,37.58088463937747,0 -122.30471661681975,37.58070800820788,0 -122.30462571360123,37.58058804337669,0 -122.30438504685176,37.58051226533656,0 -122.3042464017691,37.580502434539284,0 -122.30397155232647,37.58037237586629,0 -122.30334266245731,37.57995179604758,0 -122.30235519926272,37.579576412321686,0 -122.30143573853512,37.57934789593599,0 -122.30089443350785,37.579252303070405,0 -122.30057212427211,37.579203074910815,0 -122.30034278797334,37.57912735882251,0 -122.30020544544787,37.57905443483189,0 -122.30007970107103,37.57895228901192,0 -122.30001468729898,37.578638686558065,0 -122.2998112835658,37.57828821460192,0 -122.29973494563129,37.57797454598878,0 -122.29950827463394,37.57761491891866,0 -122.29931474518241,37.57741998308899,0 -122.2990176291988,37.577251471959,0 -122.29862579934324,37.57721985311946,0 -122.29813078270594,37.57717184104075,0 -122.29783121881317,37.57711372714739,0 -122.2975565014229,37.57697238461728,0 -122.29712342991262,37.57658448688,0 -122.29682753024792,37.5762875369958,0 -122.29645277197604,37.575796327188506,0 -122.29615417646716,37.57571117276668,0 -122.29590088748967,37.57570064717615,0 -122.29562364313846,37.575753072917934,0 -122.29532234370059,37.5758797179966,0 -122.29501084748593,37.57588686888806,0 -122.29484966906271,37.57586562837468,0 -122.29472376748066,37.575781502098714,0 -122.29426685288614,37.575447531336664,0 -122.29404902939606,37.57535384080881,0 -122.29347458282301,37.575174641994316,0 -122.29303832319178,37.57505260426272,0 -122.29270357678095,37.57504834529107,0 -122.2925422097115,37.57504737986717,0 -122.29188368981103,37.575151590042566,0 -122.29071337454033,37.57511301584832,0 -122.29053986314658,37.575048879976464,0 -122.29067295753907,37.57489645391329,0 -122.2908057770471,37.574847678532414,0 -122.29100849536569,37.574891707947984,0 -122.2911411855163,37.5748564513824,0 -122.29123977292377,37.574760150750855,0 -122.2913560283963,37.57459184861622,0 -122.29138381867793,37.5744230142592,0 -122.29159716765956,37.574390494287584,0 -122.29172861094857,37.57441156292485,0 -122.29189794966784,37.574243579677855,0 -122.29195322660054,37.574011815273835,0 -122.29203878394482,37.57372164596935,0 -122.2918090505907,37.57376533786165,0 -122.29167711412661,37.57379609098069,0 -122.29156572033644,37.573824715990085,0 -122.2914196300167,37.5738553879193,0 -122.29114794803377,37.573919101193795,0 -122.29092108479695,37.57388394242034,0 -122.29084248490456,37.57396233659436,0 -122.29070383173706,37.57395474338162,0 -122.29052415340887,37.57394464615181,0 -122.29039116142434,37.57393708924796,0 -122.29024905603121,37.57392046320254,0 -122.29004402634743,37.57389669390321,0 -122.28986941002586,37.57394972324588,0 -122.2896378530917,37.574110572469735,0 -122.28942418520812,37.574325608799505,0 -122.28924649934321,37.57440340587713,0 -122.28916624744899,37.57450657534201,0 -122.28922675078003,37.57461960685396,0 -122.28942003229655,37.57476273092025,0 -122.28947225495727,37.574853178472964,0 -122.2895413812167,37.5749527412099,0 -122.28894990348418,37.57537506438113,0 -122.28875451901158,37.57552711212579,0 -122.2886995546926,37.57572507588478,0 -122.2885391065997,37.57585029424952,0 -122.28829169529908,37.575891617637765,0 -122.2881481274487,37.57580512698108,0 -122.28775407965269,37.57571036113435,0 -122.28727070877473,37.57563082966621,0 -122.28689701500642,37.57562857275629,0 -122.28653846144393,37.575671471831875,0 -122.2863712175959,37.575692995760086,0 -122.28612946927483,37.57565998651543,0 -122.28586240373414,37.575757519806125,0 -122.28564106872959,37.575810262328794,0 -122.28529083536324,37.575871234321575,0 -122.28487351850644,37.57584166675591,0 -122.284465257566,37.57575356345682,0 -122.2841950703797,37.5756595394054,0 -122.28395649400989,37.57566485346477,0 -122.28350726450262,37.57564184580623,0 -122.28327699126099,37.575593130006254,0 -122.28284048818635,37.575498090497,0 -122.28203773298719,37.57514168876506,0 -122.28143066499293,37.57482478168822,0 -122.2808796940932,37.57463665209271,0 -122.28016718544413,37.574465561604136,0 -122.2796856866552,37.57426658492054,0 -122.27922618850592,37.57413533846336,0 -122.27891718691279,37.57395769095793,0 -122.27820532505073,37.57372124512619,0 -122.27639949753059,37.57338570944707,0 -122.27605352307704,37.573372321366094,0 -122.27551346491137,37.57322930142484,0 -122.27497525098698,37.572969116436276,0 -122.27432286568158,37.572586544164224,0 -122.2740129846378,37.57250126788181,0 -122.27345991707018,37.57245955600207,0 -122.27286014968422,37.572489663886266,0 -122.27214473947679,37.57254834884309,0 -122.27184422516646,37.5725915622559,0 -122.27173955526621,37.57265626129016,0 -122.27157579508484,37.572828762107385,0 -122.27155083988627,37.57299310176292,0 -122.27167270533772,37.57334311947834,0 -122.27200387914866,37.57364035165571,0 -122.27246164714272,37.573875267708466,0 -122.2729536571188,37.57415546096057,0 -122.27321666676598,37.574330586903564,0 -122.27328334511627,37.57453379678657,0 -122.27302758038182,37.57470573080023,0 -122.27247351029436,37.574765412188846,0 -122.27207036256452,37.57473588191838,0 -122.27137696377649,37.57485779272701,0 -122.2707536201059,37.574908024783404,0 -122.27018734191373,37.57498564468521,0 -122.26880749729796,37.57473374601579,0 -122.26832653480326,37.574482898073896,0 -122.2681330978782,37.57428791275056,0 -122.26787065506795,37.57405644395375,0 -122.26758538696464,37.57384285927787,0 -122.26732188683728,37.57371954492456,0 -122.26697644508467,37.573652053012935,0 -122.26627367237666,37.57364768431659,0 -122.26598385610305,37.573754045196985,0 -122.26567021830478,37.57390757431249,0 -122.26565619380654,37.57411029052823,0 -122.26578126624355,37.574275559326985,0 -122.26613577559066,37.57450084469763,0 -122.26641070947494,37.57461296703431,0 -122.26656984243425,37.57476943765142,0 -122.26656679085723,37.57500827235724,0 -122.26620776747585,37.575170534677866,0 -122.26570661624345,37.57553471158585,0 -122.26547157654093,37.575900546283194,0 -122.26544111466964,37.57647946423816,0 -122.2652990757519,37.57674447465094,0 -122.26490635386921,37.57680512336647,0 -122.26432917551939,37.57683758176812,0 -122.26406458483729,37.576824666328925,0 -122.263777789598,37.57669443605952,0 -122.26346963691282,37.57643337964612,0 -122.26293191167197,37.57612582246612,0 -122.26244827399434,37.57607548159011,0 -122.26166263619295,37.57621703584893,0 -122.26136148228215,37.576323313320984,0 -122.26105958815955,37.57650394323981,0 -122.26092921476406,37.576732968141556,0 -122.2608451935389,37.57699833932069,0 -122.2610191819381,37.57779936240522,0 -122.26179110516006,37.5787618603466,0 -122.26221310044285,37.579107006292936,0 -122.26278310754176,37.57958827364032,0 -122.26319236920543,37.58000544258188,0 -122.26359163980652,37.58035945819258,0 -122.26392166197728,37.580701771872434,0 -122.26416838067682,37.58123734802092,0 -122.26460686992654,37.58206705697489,0 -122.26486636446603,37.58252835083032,0 -122.26490408831808,37.58315501549872,0 -122.2647534103022,37.583217169615516,0 -122.26445482287818,37.58313193825401,0 -122.26396835011751,37.582430371508444,0 -122.26370770573448,37.58208623833631,0 -122.2635628631747,37.581700015290906,0 -122.26347472946217,37.58137723728981,0 -122.26321283103098,37.5810894288933,0 -122.26285925233853,37.58083935413823,0 -122.26231108148752,37.580439343414284,0 -122.2619119959394,37.580067297475516,0 -122.26166267392219,37.57972548634159,0 -122.26149510668064,37.57934813087071,0 -122.26108813122941,37.5787011299291,0 -122.26044125708825,37.577906155197184,0 -122.26019584004757,37.57731424256324,0 -122.25984772490867,37.57658648389927,0 -122.25965201524592,37.57597911133948,0 -122.25955930192208,37.575692354997535,0 -122.25934621794342,37.57526738939743,0 -122.25912962245035,37.57505421828619,0 -122.25890061403665,37.57495137993201,0 -122.25860159362465,37.574913447827164,0 -122.25822085347127,37.57490880296211,0 -122.2578839897313,37.575118498682116,0 -122.25742137712291,37.57523276238478,0 -122.25699217375825,37.57540357059805,0 -122.2564028762369,37.575517032908216,0 -122.25587295106767,37.575495667696316,0 -122.25560855621829,37.57539259998827,0 -122.25555386588547,37.5751984678428,0 -122.25557923969899,37.574995827921676,0 -122.25574360175158,37.574767024794575,0 -122.25589978644015,37.57429255267057,0 -122.2559376405479,37.574044923501475,0 -122.256007828616,37.573107978896196,0 -122.25612674310172,37.57282255287946,0 -122.25614059242847,37.57264012053424,0 -122.25613125264445,37.57251162019932,0 -122.2558774731868,37.57248072771202,0 -122.25566765368589,37.572655163405585,0 -122.2554471846573,37.572761935095706,0 -122.2551365858596,37.57275096124877,0 -122.25497661656875,37.5726102455309,0 -122.2549798819448,37.57235338551022,0 -122.25501963598938,37.57198634150942,0 -122.25503520109832,37.57170251745803,0 -122.25412498762826,37.57078416944347,0 -122.25368983112823,37.57056059232743,0 -122.25331164129192,37.5703734245643,0 -122.25296711941414,37.57028787162399,0 -122.25265575435351,37.57028364798037,0 -122.25238917390307,37.570401388008946,0 -122.25215846408021,37.57039992767859,0 -122.2518601227946,37.570296637178984,0 -122.251553849385,37.56992514577381,0 -122.25142258575904,37.56939252501879,0 -122.25111459746554,37.56912242241237,0 -122.2509328107914,37.56890044378451,0 -122.2505126256139,37.568456120698094,0 -122.25036662422741,37.56812395270031,0 -122.24995768056733,37.5676887141077,0 -122.2497394842764,37.567640008057886,0 -122.24928969781364,37.56760785467091,0 -122.24886615563192,37.567429400521874,0 -122.24849929175471,37.56724454471386,0 -122.24843268526965,37.567041318501836,0 -122.24833367475567,37.566682409064796,0 -122.24813758510557,37.56668792028904,0 -122.24800962099164,37.566815545602054,0 -122.24787146459256,37.56676058438927,0 -122.24779344770674,37.566566300150214,0 -122.24775010579091,37.56637223969942,0 -122.24768347774628,37.56617126759204,0 -122.24755680990134,37.56617045941599,0 -122.24740624147992,37.56622357970578,0 -122.24725540266564,37.56630373714172,0 -122.2470830033862,37.56627559699479,0 -122.2468552409358,37.56605331723022,0 -122.24670787770333,37.56585858967403,0 -122.24678465221908,37.56526194436008,0 -122.24695156369044,37.564850646374786,0 -122.24687932117529,37.564223757874615,0 -122.24675649452651,37.56391201313995,0 -122.24684302564457,37.5634709087846,0 -122.24684127842136,37.563292886212544,0 -122.24674207207462,37.56323591719067,0 -122.24683891495383,37.56310584331497,0 -122.24683783607718,37.563002180964084,0 -122.24663400115269,37.562723718125895,0 -122.24653322994075,37.56247070131214,0 -122.24647524189251,37.56232611948294,0 -122.24636620617994,37.56205051315435,0 -122.24580100955939,37.56125598305255,0 -122.24549736641696,37.56056001313051,0 -122.24531964731439,37.56014876894208,0 -122.24490554193471,37.558900020550546,0 -122.24478740808499,37.55854548989676,0 -122.24458739459371,37.55803044853218,0 -122.24452761260989,37.55729322232874,0 -122.24440193291173,37.55635502941106,0 -122.24439464218487,37.55602599217419,0 -122.24441063129862,37.55570386774356,0 -122.24468256570817,37.555191844075964,0 -122.24500672188012,37.55420244364489,0 -122.24522226814098,37.553597673135755,0 -122.24524909453028,37.553322937555265,0 -122.24534555832047,37.55301934861838,0 -122.24538793454735,37.5523954443133,0 -122.2455320925909,37.55199301678121,0 -122.24576603814539,37.55173763111501,0 -122.24595235951509,37.55157432922989,0 -122.24618439435298,37.55143835372961,0 -122.24645219291895,37.55126430279007,0 -122.24637389755544,37.551099307696276,0 -122.24615336654306,37.55121732873714,0 -122.24586415214073,37.551269563038915,0 -122.2455854255693,37.5514052361662,0 -122.24536461607919,37.55155029356313,0 -122.24513057440498,37.55181469259312,0 -122.24502509332599,37.55196048559267,0 -122.24491961045038,37.552106278306994,0 -122.24476667766316,37.55232612769995,0 -122.24445227090698,37.55256071571206,0 -122.24418280686449,37.55289924589125,0 -122.24401342412774,37.553486284748715,0 -122.24385598000116,37.55408241475304,0 -122.24373395105634,37.55460440987368,0 -122.24375696140234,37.55470820924853,0 -122.2439080733045,37.55536940743803,0 -122.24399336115418,37.5558927302449,0 -122.2440212619286,37.556352591744854,0 -122.24393426907649,37.5568387553865,0 -122.2438267703814,37.55711297452542,0 -122.24360282127937,37.557496861821306,0 -122.24362140742261,37.557828224074186,0 -122.24367742277046,37.557957021060986,0 -122.24390636291218,37.55805988928881,0 -122.24404358775837,37.55813512830764,0 -122.24406591538475,37.558236671024524,0 -122.24406345310254,37.558410165178564,0 -122.24412849112913,37.55869675448347,0 -122.24436010196219,37.559516200230156,0 -122.24443537179985,37.55991101955216,0 -122.24456729658586,37.56037154557109,0 -122.24477802608013,37.56101734778454,0 -122.24505930925686,37.561544175727654,0 -122.24526206350806,37.561858684737224,0 -122.24553544510351,37.562117314884205,0 -122.24566799601527,37.56258685791112,0 -122.24566387634138,37.56285497970797,0 -122.24555726608008,37.56311117963243,0 -122.2453702988217,37.563265466262415,0 -122.24520804870835,37.56335456201545,0 -122.24511423674488,37.563464374782335,0 -122.2449235828006,37.563913823936424,0 -122.24483997390213,37.56413411842849,0 -122.24473504349045,37.56422358128179,0 -122.24471009727498,37.56438115535529,0 -122.24475327120587,37.56459099037494,0 -122.24497034100943,37.564750112408284,0 -122.24495710613036,37.564869454778304,0 -122.24489787391546,37.564988504300175,0 -122.24488436505023,37.565134884608604,0 -122.24495059603949,37.56537416320429,0 -122.24491334739622,37.56555869753264,0 -122.24479736141832,37.56562104791154,0 -122.24452058239446,37.56562829377925,0 -122.24432521858309,37.56556169457305,0 -122.2442011271064,37.56537612776952,0 -122.2440649838318,37.56533244092455,0 -122.24396157336955,37.5652010861556,0 -122.24394143314088,37.5649530885292,0 -122.24396874911204,37.56463103544696,0 -122.2440437018444,37.56421690065947,0 -122.2440226300628,37.564061285141946,0 -122.2438758237858,37.563812476231554,0 -122.24379827312563,37.563573125684705,0 -122.24388268242298,37.56334382461603,0 -122.24396749775886,37.56300411354828,0 -122.24396050527267,37.56264579064244,0 -122.24386231941214,37.56227786210188,0 -122.24376208090113,37.56197302361387,0 -122.243592090005,37.56177814439781,0 -122.24338899888555,37.561427574580065,0 -122.24291162875369,37.5609084998663,0 -122.24247046791427,37.560308534237386,0 -122.24218608195658,37.56002053688508,0 -122.24179589781461,37.559907616382134,0 -122.24133502434462,37.55985733646711,0 -122.24101172067385,37.55991835000411,0 -122.24062074062454,37.55981443754017,0 -122.24047201015621,37.55975714469648,0 -122.24040570730172,37.55952687978799,0 -122.24020142411791,37.559295722599785,0 -122.2399266761849,37.559174529056335,0 -122.23949954164036,37.55921684370457,0 -122.23932499269245,37.55933289357461,0 -122.23936553905108,37.55972974124781,0 -122.23945546310597,37.559933121994874,0 -122.23952233639065,37.56010706153854,0 -122.23963344541491,37.56038493670099,0 -122.23970013364664,37.56057690065168,0 -122.23953042841474,37.56119097218646,0 -122.23921758921873,37.56133542163246,0 -122.23889262995293,37.561488808292516,0 -122.23863644031533,37.5616989697641,0 -122.23841460764415,37.56187104591702,0 -122.23813625746685,37.5620337427498,0 -122.23774389491031,37.56206501270454,0 -122.23740928324675,37.56205383860884,0 -122.23706472363975,37.56197725128918,0 -122.23675522976986,37.56186258343318,0 -122.23628532104473,37.56165674482495,0 -122.23555189692091,37.56133878343572,0 -122.23528656692531,37.5613348127907,0 -122.2348479132839,37.561395063888256,0 -122.23443362105462,37.56135632305976,0 -122.2341359157762,37.56119665899276,0 -122.23401298582115,37.560900673178274,0 -122.23390263677166,37.560550689565126,0 -122.2337108231023,37.56020918905587,0 -122.23319570306725,37.55992868341928,0 -122.23278402313883,37.559705182673284,0 -122.23225663930351,37.5595169792818,0 -122.23205455699213,37.559074010929976,0 -122.23208297609449,37.55871816937784,0 -122.23208680471421,37.558413992130504,0 -122.23197444254016,37.558192433792534,0 -122.23166485794042,37.55808901598596,0 -122.23130716137071,37.558122743007885,0 -122.23092620562167,37.5581473035282,0 -122.23046673172686,37.558031640633054,0 -122.22991400821402,37.55796944911599,0 -122.22937271306822,37.557965918386415,0 -122.22849946167884,37.55776417372874,0 -122.2280405492311,37.55759442673014,0 -122.22762976043145,37.55728753878514,0 -122.22721857996636,37.55701895257927,0 -122.22678435052767,37.55672092270696,0 -122.2264981903973,37.556543289214744,0 -122.22599311532375,37.55639125755143,0 -122.22571954508206,37.55615962346846,0 -122.22566466610304,37.55599251630318,0 -122.2256677266632,37.55576494735072,0 -122.22580885648591,37.555529272712164,0 -122.22608803401161,37.55535534384667,0 -122.22624128031086,37.55511073392749,0 -122.22625589500224,37.55486070582362,0 -122.22614500965851,37.554567044968934,0 -122.22604361950732,37.55438160888039,0 -122.22567912538585,37.55404797729805,0 -122.2253236656212,37.55393523148286,0 -122.22512770443016,37.55393169130392,0 -122.22493113328306,37.553986733909746,0 -122.22459495046607,37.55413099435536,0 -122.2240042910988,37.55431864874211,0 -122.22336998528675,37.55434827897612,0 -122.22273799892484,37.554222434791576,0 -122.22232436516066,37.55412507484411,0 -122.22211829882103,37.554004289507745,0 -122.2219594182883,37.55383649525301,0 -122.22168420412964,37.55369722867593,0 -122.2215028711047,37.55351125771952,0 -122.22107747480024,37.55338902425576,0 -122.2209066924883,37.55327748528839,0 -122.22058598135547,37.55309059315526,0 -122.2203713980886,37.55276920239809,0 -122.22026074900178,37.55245525823871,0 -122.21992041147662,37.55204740917019,0 -122.21949883570703,37.551695352814335,0 -122.21935598561056,37.55162004889395,0 -122.21905269281106,37.55146030912559,0 -122.2185245058819,37.551290067038074,0 -122.21815645892345,37.55123354962725,0 -122.21793755745504,37.55125914011114,0 -122.21752998642074,37.55153134576918,0 -122.21744800886287,37.55165699366086,0 -122.21736014015335,37.5521431309612,0 -122.21737981235974,37.552427181942626,0 -122.21759183991963,37.552924323036464,0 -122.21773860846737,37.55316640265745,0 -122.2176575130551,37.554019880236964,0 -122.21732103379408,37.55419116154547,0 -122.2170549519086,37.554261501227046,0 -122.21655927321291,37.55422891975291,0 -122.2162494415765,37.55415250385544,0 -122.21557934239198,37.55341121266925,0 -122.21534537348128,37.552848573110865,0 -122.2153032568675,37.55254634606558,0 -122.21529689679528,37.552140703839974,0 -122.21524476037284,37.551782073015616,0 -122.21507649603868,37.551431686204744,0 -122.21478149648586,37.55108947159212,0 -122.2138608966945,37.550152717562725,0 -122.21348506403751,37.549827984575565,0 -122.2131426909299,37.549550794361174,0 -122.21277527369048,37.54943567934429,0 -122.21211990777498,37.54931863833263,0 -122.21166011407993,37.54924121033383,0 -122.21115364482105,37.549228817858165,0 -122.21017438773659,37.5491636811205,0 -122.20951912422899,37.54903761594193,0 -122.20897915769149,37.54891457318768,0 -122.20819687509768,37.54882370313337,0 -122.20774742909641,37.54883871662776,0 -122.2074230591254,37.54893568250452,0 -122.20689089086288,37.54907857602001,0 -122.20645257498799,37.54911168607071,0 -122.20608437980755,37.549070904776244,0 -122.20587835119714,37.54895009201893,0 -122.20574334788466,37.54873736907212,0 -122.20550570576279,37.5483955138672,0 -122.20534793105617,37.54812856078834,0 -122.20511996109492,37.54794225045044,0 -122.20419016435169,37.54768586803244,0 -122.20381164124042,37.54755262039119,0 -122.20300750802564,37.54738946175378,0 -122.2025226998432,37.547404216285756,0 -122.20197943109874,37.547526733060295,0 -122.20167741929681,37.5477162245248,0 -122.20125996948934,37.54791620158008,0 -122.20092545304722,37.547902671462445,0 -122.20066085517861,37.54790088093134,0 -122.2002564992147,37.54793419662556,0 -122.19994415229547,37.54803122564242,0 -122.1998149260486,37.5482061110205,0 -122.19984652518704,37.548427152064754,0 -122.19994677537609,37.54864640835024,0 -122.20010678059955,37.54876917022192,0 -122.20025638243371,37.54880624032747,0 -122.20047468203092,37.54883701087273,0 -122.20089998580893,37.548896221559374,0 -122.20110651028936,37.548969727043186,0 -122.20145056144992,37.549084722415735,0 -122.20164535662771,37.54919645140843,0 -122.20172374092446,37.54934344960378,0 -122.20172217965248,37.549489906942725,0 -122.20149979272077,37.54970923203499,0 -122.20118801623171,37.549752190194944,0 -122.20079606510359,37.54974953651418,0 -122.20053266648587,37.54963508700604,0 -122.20006264816628,37.54945614111548,0 -122.19922578663076,37.549110213215414,0 -122.19873422042242,37.54882971779026,0 -122.19832340736828,37.548540753751745,0 -122.19807419045395,37.54822584951281,0 -122.19773518692698,37.54777287707664,0 -122.19758073508861,37.54726482586914,0 -122.19757258467403,37.54703492975605,0 -122.19766352113025,37.54627392065197,0 -122.19780682667258,37.54590759786406,0 -122.19788278641637,37.54542139140369,0 -122.19791305245492,37.544907834126754,0 -122.19790887079728,37.54437376314229,0 -122.19784835039827,37.5437491753453,0 -122.1978443618784,37.543197081356524,0 -122.19774826280425,37.542657880427214,0 -122.1975839789051,37.542077655425686,0 -122.19739407595233,37.54164372130423,0 -122.1972283179178,37.54113559199821,0 -122.1971282725446,37.54083296416346,0 -122.19692785391315,37.54032459783565,0 -122.19672308204582,37.54015645866178,0 -122.19651658631146,37.54008294591225,0 -122.196170689113,37.54007834090107,0 -122.19590612448202,37.540076540209895,0 -122.19561821263686,37.540074578539084,0 -122.19527318590588,37.53998885333345,0 -122.19478349268495,37.53960695364574,0 -122.1947050302348,37.539403615013946,0 -122.19470801713311,37.5391918235909,0 -122.19478229163741,37.53886333955369,0 -122.1947413832577,37.538457461882565,0 -122.19458616605469,37.53802375956469,0 -122.19453253214066,37.53774848647695,0 -122.19452001771043,37.53700479615232,0 -122.19443769430119,37.5363056969916,0 -122.19441952138295,37.53595630522955,0 -122.19430025924923,37.535403421959074,0 -122.19415579038859,37.535023873039016,0 -122.1940680815792,37.534694288581285,0 -122.19396917706642,37.534353357014965,0 -122.19409471932232,37.53359934349494,0 -122.19414565200229,37.53327070374726,0 -122.19438398313203,37.53268420523485,0 -122.1944578677675,37.53239177276469,0 -122.1946119908225,37.532070596950376,0 -122.19461526877494,37.531831762089226,0 -122.19474062148633,37.531291815031146,0 -122.19496716941445,37.53081339653648,0 -122.19534295266412,37.53086328001079,0 -122.19547892795373,37.53084843101984,0 -122.19557367236843,37.53072063582523,0 -122.19583841845908,37.53063681191812,0 -122.19575501886811,37.53023514744347,0 -122.19604914436012,37.529786480426054,0 -122.19633153965113,37.52937604314177,0 -122.19668135440256,37.529076472238216,0 -122.1971128188268,37.528748163777706,0 -122.19738039910216,37.52853140937236,0 -122.19760502643221,37.52836168129114,0 -122.19755064511986,37.527957962784875,0 -122.19740123911843,37.526850554666254,0 -122.1972956951574,37.52607242925159,0 -122.19683589427584,37.52627435871138,0 -122.19645182227106,37.526537639817576,0 -122.19582152474185,37.52713724821522,0 -122.19544905447896,37.52737356688007,0 -122.19507898720946,37.527517510506506,0 -122.19487566073143,37.527613020147065,0 -122.19461477919313,37.52773292210299,0 -122.19453464048664,37.52781800383783,0 -122.19424062908067,37.52812470463748,0 -122.19398273084745,37.528427148238684,0 -122.19378275688202,37.528736744605766,0 -122.19370579731333,37.52931532945783,0 -122.1934454367979,37.52977999333835,0 -122.19316579574155,37.52999890979626,0 -122.19260862197476,37.53030606468352,0 -122.19231885061694,37.53041449637768,0 -122.1919709106495,37.53060365305624,0 -122.19178321306079,37.530823197559336,0 -122.19177844300663,37.53113412397592,0 -122.19182807223112,37.5317135735812,0 -122.1918749023052,37.53248679175155,0 -122.19174193996507,37.53294331275527,0 -122.19143484998688,37.53347525444592,0 -122.19105987432265,37.53393912591407,0 -122.19077862707854,37.53423915029054,0 -122.19060523246578,37.53431231974797,0 -122.19036402672717,37.53424531928036,0 -122.19027316572941,37.53414329580629,0 -122.19026323754892,37.53401478677708,0 -122.19033445688294,37.53390486080411,0 -122.19055551251144,37.533741884581666,0 -122.19076544160681,37.533560801213675,0 -122.1909997626571,37.53334833782162,0 -122.1911301243745,37.5330022190622,0 -122.19116984607973,37.53266448756072,0 -122.19116745386613,37.53255856454483,0 -122.1911629092891,37.53232418428881,0 -122.19107704741593,37.53189095280008,0 -122.19085084354255,37.531549149287926,0 -122.19068066759344,37.53139024915262,0 -122.19027869126673,37.531277079394336,0 -122.18974932395128,37.53123514069469,0 -122.18938112877083,37.53120332066742,0 -122.18901320308498,37.53114671394024,0 -122.18859993583347,37.531031208613946,0 -122.18791079595819,37.53085071279502,0 -122.18736280566858,37.53050443213026,0 -122.18698647624322,37.530244958515816,0 -122.18675029927356,37.529846745629136,0 -122.18661083852066,37.52907514075543,0 -122.18647883647954,37.5286596143903,0 -122.18628612000332,37.52842844411251,0 -122.18604765322802,37.52817668226519,0 -122.18573874416134,37.528028084286525,0 -122.18529153047358,37.52784923542924,0 -122.184730348424,37.527613270205705,0 -122.18415634112714,37.527451569714124,0 -122.18354946357569,37.52719049820401,0 -122.18306951348231,37.52690100360628,0 -122.1826575784324,37.52673140432657,0 -122.18217402789135,37.5267077781322,0 -122.18179351052014,37.526705142866774,0 -122.18152960794755,37.526646979634954,0 -122.18116232725205,37.52653401997047,0 -122.18079698242602,37.52630840362378,0 -122.18040038161797,37.525836956399466,0 -122.1801763579558,37.52536670523096,0 -122.17997936190555,37.52488312198714,0 -122.17990909568404,37.52471137864595,0 -122.17964881961022,37.52438734205171,0 -122.17896490343834,37.52386657307893,0 -122.17848561181009,37.523520729500746,0 -122.17785948336211,37.52302063368101,0 -122.17749548331403,37.522675591979244,0 -122.17728148664705,37.52232483468617,0 -122.17708112999934,37.52182769901309,0 -122.17709850880682,37.521404191008635,0 -122.17714032179005,37.52088170764296,0 -122.17722668492314,37.520487972620444,0 -122.17730134300808,37.5201302083988,0 -122.17708716038985,37.51979747802506,0 -122.17685996747136,37.519554783470824,0 -122.17624591597404,37.51898942102055,0 -122.1760512348823,37.51887764676368,0 -122.17574139605932,37.51881915181603,0 -122.17530475464415,37.51871470397046,0 -122.17486895045876,37.51859899200578,0 -122.17445767387395,37.51837528967864,0 -122.174150769847,37.51805091348674,0 -122.17392650723296,37.51760768946665,0 -122.17357758810186,37.51705317817383,0 -122.1732031154942,37.51663594390733,0 -122.17273681081001,37.51620904473416,0 -122.1724413450316,37.515938828471015,0 -122.17197220256942,37.51570569779081,0 -122.17145580063844,37.51558940757146,0 -122.17111049632807,37.515541917970324,0 -122.17084969024826,37.51527193870357,0 -122.17048503443003,37.51499221806201,0 -122.16993528973067,37.51475851439218,0 -122.16947627397667,37.514633605217604,0 -122.1687068184268,37.51444341903499,0 -122.1668460858765,37.51406751716181,0 -122.16609907024245,37.51395859071322,0 -122.16575491218235,37.51387278703688,0 -122.16545701735943,37.51376026833921,0 -122.16504468705072,37.51357257956302,0 -122.1646207451187,37.51341184692751,0 -122.16425222025654,37.51341825491994,0 -122.1640091675817,37.513461600239644,0 -122.1638126844695,37.513514289234706,0 -122.16339615813013,37.51363978243707,0 -122.16314075451844,37.51377542784052,0 -122.16275653339333,37.514047608592,0 -122.16234937558406,37.514346673371314,0 -122.1617694915086,37.514597187913054,0 -122.16153986774894,37.514577529586866,0 -122.16132138040385,37.5145106332381,0 -122.1611979806299,37.51428892803203,0 -122.16121328343075,37.51405919532325,0 -122.16125224516128,37.513737242279966,0 -122.1613354066987,37.51357333985588,0 -122.16136315655613,37.513242294652805,0 -122.16110072901724,37.51305790869989,0 -122.16075955605888,37.512769311244455,0 -122.16043846493864,37.512645348584016,0 -122.15985103681142,37.5126231423384,0 -122.1594372880629,37.512563865083486,0 -122.15912862333802,37.51240393618431,0 -122.15899391557129,37.51218214776294,0 -122.1587079854096,37.51201336226677,0 -122.1583091459999,37.51169730475153,0 -122.15785189274048,37.51148223378293,0 -122.15747124062197,37.51131051517679,0 -122.15724536732863,37.51120975935865,0 -122.15655701976746,37.51098176227189,0 -122.1555446570698,37.5108911538264,0 -122.15502522062981,37.510986588553116,0 -122.15417336890714,37.51096020896433,0 -122.15371306676565,37.5108915656962,0 -122.15316123977145,37.51084930128972,0 -122.15275571689602,37.511001876168955,0 -122.15246380305622,37.51123863429394,0 -122.15209437628552,37.511326117683716,0 -122.15184062018407,37.51131528229312,0 -122.15161144378541,37.51125730302179,0 -122.15129959543114,37.511318156101616,0 -122.15106619874729,37.51150801605226,0 -122.15076242804408,37.51179200521407,0 -122.15044716339682,37.51209168898837,0 -122.14978839915453,37.51224918657404,0 -122.14944166831951,37.51233006260127,0 -122.14912785085814,37.51250131070842,0 -122.14871048728897,37.51269885047398,0 -122.14837651522589,37.51271447050466,0 -122.1481229872965,37.512683349437545,0 -122.14787054992188,37.512618435873314,0 -122.14752675028959,37.51250328878082,0 -122.14704371448323,37.51244346845792,0 -122.14654739708537,37.512493960630074,0 -122.14629352689789,37.512555221712006,0 -122.14564560352449,37.512753337795594,0 -122.14536580975452,37.512978900362135,0 -122.14514048173855,37.5133896337844,0 -122.14479175754187,37.51364398862684,0 -122.14461755534367,37.51372610155524,0 -122.14431731591783,37.51375998189406,0 -122.14411127922259,37.51365708602905,0 -122.14398679787705,37.513534502206596,0 -122.14379391790742,37.51333255893064,0 -122.1433001059109,37.51322532372794,0 -122.14281509830249,37.51327588448896,0 -122.14223845624689,37.513361832074864,0 -122.14162591212262,37.51349483512588,0 -122.14100249209521,37.51358944993914,0 -122.14048449475634,37.51355638967031,0 -122.13989761010983,37.51348676974247,0 -122.13963451063113,37.51336542619654,0 -122.13937174712231,37.513214788598795,0 -122.13890262352474,37.51299054283877,0 -122.13837372962142,37.51292133994219,0 -122.13800523709862,37.51292540936127,0 -122.13756731199086,37.512940241968124,0 -122.13724561091459,37.51287254608622,0 -122.13699310616633,37.51281436494527,0 -122.13670709156303,37.51265679373339,0 -122.1364801097486,37.51247036199252,0 -122.1362860538843,37.51231120744997,0 -122.13622092512789,37.51207187537539,0 -122.13610912080762,37.511832204063346,0 -122.13604817550548,37.5112909550326,0 -122.1358381062729,37.510681013722795,0 -122.13532294311872,37.51046543033,0 -122.13463110021276,37.510485151021285,0 -122.13408851688284,37.510562295750276,0 -122.13373255136666,37.5105236318291,0 -122.13320286874256,37.51046341158646,0 -122.1327535646751,37.51048489805487,0 -122.13258048267605,37.51053094861021,0 -122.13229135720691,37.51058290429117,0 -122.13204965469995,37.51056986406853,0 -122.13178699629403,37.51041245058687,0 -122.13152509696451,37.510189698534596,0 -122.13110542562333,37.50979002112067,0 -122.13075017067455,37.50962967440116,0 -122.13034879442245,37.5095433462698,0 -122.12982192352516,37.50936370488055,0 -122.12953730131055,37.509149790853975,0 -122.12920611582148,37.50892652338957,0 -122.12887797112967,37.508563568034106,0 -122.12860770578992,37.50814921510633,0 -122.12833993327507,37.50752080650093,0 -122.12814794892583,37.50730757557602,0 -122.12795295252539,37.50723177574592,0 -122.12755012729075,37.50721077434289,0 -122.12725823590887,37.50719735157067,0 -122.12656630496801,37.50674156592729,0 -122.12644525159358,37.50638914815658,0 -122.12603327072955,37.50618330175606,0 -122.12571423405639,37.50595110050868,0 -122.12537451906371,37.5055519933068,0 -122.12494299535068,37.505143195022555,0 -122.12460515334539,37.50464495788535,0 -122.12428720722697,37.50432037093673,0 -122.12380881660891,37.50320366894226,0 -122.12356324775297,37.50267681784834,0 -122.12306319785512,37.502204411735676,0 -122.12255946935619,37.50198660244809,0 -122.1221936349483,37.50182840475279,0 -122.1218858622505,37.50160303298102,0 -122.12143368537079,37.50102957328665,0 -122.12103318587438,37.500089204309816,0 -122.12076091190166,37.49979198954732,0 -122.12043148261901,37.499485333359054,0 -122.12014681818354,37.49928041294813,0 -122.11982859538402,37.49898285358729,0 -122.11956909096305,37.49862263652322,0 -122.11917513299859,37.49803157661558,0 -122.11887195608179,37.4974772441679,0 -122.11850319316608,37.49672863379197,0 -122.11814649372631,37.495917020007404,0 -122.11806034439223,37.49554682926353,0 -122.11814432159996,37.49531986697143,0 -122.11826514231073,37.49508641958753,0 -122.11835775232831,37.49490684390616,0 -122.11816543829734,37.494666556564844,0 -122.1180061508278,37.49456396580232,0 -122.1176524409813,37.49434049720342,0 -122.11748113764652,37.49423781476278,0 -122.1173593036361,37.49389664558805,0 -122.11744531283298,37.493557038612906,0 -122.11758591893788,37.49338457814727,0 -122.11786585015007,37.49314781329237,0 -122.11807839783451,37.49280914374224,0 -122.11815235972512,37.49247169574107,0 -122.11805374985975,37.49213971448302,0 -122.11795471509124,37.49184378811129,0 -122.11793732999554,37.49145833616881,0 -122.11798809379226,37.49110944216685,0 -122.11814337836891,37.49077034640388,0 -122.1182869578974,37.49040412452955,0 -122.11835378177476,37.489771429601205,0 -122.11840514115451,37.48943155795914,0 -122.11830597792692,37.489146894266455,0 -122.11824098391779,37.48884221013035,0 -122.11831588544618,37.48848448525491,0 -122.11844635765637,37.48821054835386,0 -122.11847607751922,37.48778713899967,0 -122.11842395007992,37.48741044356262,0 -122.11843954932485,37.48704551392564,0 -122.11855409620165,37.48638163143213,0 -122.11856257000971,37.48584088861491,0 -122.118765022427,37.485276808374216,0 -122.11906265494187,37.484733715923134,0 -122.11915004664597,37.484274683789586,0 -122.11913297416402,37.483862194865324,0 -122.11900480253925,37.48364040933587,0 -122.11890850763237,37.48347294507475,0 -122.11886936983207,37.48301296709297,0 -122.11907121139495,37.48262013438474,0 -122.11914518496364,37.48228042909227,0 -122.11914864168088,37.48204610834272,0 -122.11915133213513,37.48187712711841,0 -122.11901978104831,37.48146153043952,0 -122.11881801494391,37.48106568628645,0 -122.11876461728681,37.48079713924083,0 -122.11879051212318,37.48057875924493,0 -122.11892552980869,37.480036704803105,0 -122.11898914220892,37.4796158026454,0 -122.11891397567753,37.47927498728577,0 -122.11873279806113,37.479052803896856,0 -122.11860968305311,37.478822044572055,0 -122.11858912780278,37.47864612895136,0 -122.11866233421023,37.478371765313334,0 -122.11872306212007,37.47819645815315,0 -122.1186705133709,37.47785581026586,0 -122.11858267071253,37.477571230073785,0 -122.11847227135736,37.477221138418386,0 -122.1182712544479,37.476823046833054,0 -122.11816198786833,37.47643690500165,0 -122.11790246188782,37.47608569731913,0 -122.11757346289814,37.47575199926531,0 -122.11701408017412,37.47541432450186,0 -122.11652253732198,37.47519883391639,0 -122.11610969407529,37.47508307803116,0 -122.11550115643722,37.47495909557891,0 -122.11508765113216,37.474899666513586,0 -122.11446794114686,37.47476432761988,0 -122.11403186028039,37.47464163003977,0 -122.11337974446957,37.47437760267178,0 -122.11279276909325,37.47434390265629,0 -122.11227473761836,37.47433775794481,0 -122.11181529696125,37.474277972634894,0 -122.1108858640357,37.474095220026385,0 -122.10973757815071,37.47389053152675,0 -122.10925525021679,37.47379450827391,0 -122.1079788996066,37.473660944007364,0 -122.107324234377,37.47355459789228,0 -122.10648736834987,37.473316177489885,0 -122.10608720931498,37.47314640441249,0 -122.10554799287077,37.4730206428169,0 -122.10408401114718,37.47238311591345,0 -122.10353591844961,37.4720544775183,0 -122.10319356061336,37.471840063068576,0 -122.10272704572338,37.471487251027646,0 -122.10239813207367,37.471153511053544,0 -122.10213783713529,37.470874368747616,0 -122.10188917268484,37.47056827614409,0 -122.1014492021132,37.469947509457135,0 -122.1012101738908,37.46972260972651,0 -122.10092667636692,37.469492863958294,0 -122.10023913639118,37.46930285583107,0 -122.09997403905926,37.46930759639714,0 -122.09963865304793,37.46939742753666,0 -122.09936200068653,37.46942236306475,0 -122.09914362742747,37.46942069613343,0 -122.09897253968835,37.4693067244296,0 -122.09867546412895,37.46914897656452,0 -122.09856241204876,37.469028686758115,0 -122.09841402294022,37.46890812725233,0 -122.09822278958255,37.468647534021855,0 -122.09808839353121,37.468362582951876,0 -122.09801400673747,37.46796542453912,0 -122.09805187431996,37.46751954818693,0 -122.09806999244093,37.467305617685255,0 -122.09815830761313,37.46683759596635,0 -122.09831259416151,37.466525556805564,0 -122.09851378983568,37.46613275436034,0 -122.09872870368258,37.46565668255666,0 -122.09887297850709,37.46523640458251,0 -122.09899463734604,37.464815955260725,0 -122.09899004246334,37.464374260533184,0 -122.09902967343872,37.46401628019053,0 -122.09916220548587,37.463631966712605,0 -122.09931926782845,37.4631464384279,0 -122.09953681553576,37.46244955519786,0 -122.09962165153287,37.46221134466172,0 -122.09984714753381,37.46173535199285,0 -122.10004802700102,37.46142591841109,0 -122.10013358704025,37.46106828261778,0 -122.10026780881842,37.460600609756035,0 -122.10037979280173,37.460042626780755,0 -122.10054590117926,37.4596856075911,0 -122.10062064101089,37.45934591927379,0 -122.10074113832813,37.45896151190962,0 -122.10102413010055,37.45852200739821,0 -122.10122353273742,37.45827565524432,0 -122.10139098948615,37.45786456308087,0 -122.10153188305193,37.45766508486442,0 -122.10165051546667,37.45743614491224,0 -122.10187280088878,37.457226019840775,0 -122.10203679822538,37.45704474157664,0 -122.10255055102455,37.45657093160784,0 -122.10277524393165,37.45651405293112,0 -122.10301395864197,37.45646629186646,0 -122.1031226862324,37.45641528831832,0 -122.10245677589204,37.455666623054,0 -122.10201261108637,37.45599449488322,0 -122.1016334429847,37.4562642655843,0 -122.10153952142679,37.45655423660866,0 -122.10151289805673,37.45665318359023,0 -122.10134523110219,37.4570823000816,0 -122.10122549196305,37.45740361813259,0 -122.1009430733158,37.4577958111132,0 -122.10054293853544,37.45839891734862,0 -122.10038799891186,37.45870870288043,0 -122.10029168424205,37.45902118396867,0 -122.1000781780552,37.4594409378335,0 -122.09980237639836,37.46016442134428,0 -122.09973697006252,37.460668673897565,0 -122.09962988638908,37.461053178730744,0 -122.09933285574546,37.461483562018664,0 -122.09915507376081,37.46181119585724,0 -122.09910078138167,37.46238989585722,0 -122.09897910188151,37.46281260203399,0 -122.09884892970864,37.46305947686864,0 -122.09881673768211,37.46332738103647,0 -122.0986871458209,37.463819879407744,0 -122.09854309108363,37.46422212943584,0 -122.0984214313464,37.464642579958,0 -122.09833705259175,37.46490107091688,0 -122.09819399498444,37.4652199575075,0 -122.09808800366238,37.46539490865293,0 -122.09802604595893,37.46566934488406,0 -122.0980460047279,37.46589032742828,0 -122.09800815331508,37.46609959892828,0 -122.09785250941233,37.466465709632935,0 -122.09764054653114,37.466813362592156,0 -122.097564007374,37.4668893909628,0 -122.09732434044943,37.46713092198538,0 -122.09716177772239,37.46724910866162,0 -122.09700065140144,37.46724787874712,0 -122.09687436893375,37.46722888601273,0 -122.09677273623747,37.46709966712855,0 -122.09680164222667,37.466694282552034,0 -122.09678733565745,37.4663561732901,0 -122.09671962065131,37.46605145111996,0 -122.09642291519782,37.46586440677224,0 -122.09550887041307,37.465413501140866,0 -122.0951110865238,37.465052171039325,0 -122.09465756217114,37.46462506821509,0 -122.09431246267665,37.464584115961586,0 -122.09406920518592,37.464712944181684,0 -122.0938714698222,37.46481733566183,0 -122.09341519931972,37.4653208445374,0 -122.09304923735108,37.4658948935241,0 -122.0927907489247,37.466230912206676,0 -122.09254783728535,37.46633044887128,0 -122.09224820062907,37.46632814658565,0 -122.09213380107595,37.46626192072753,0 -122.09198940228393,37.465929566324796,0 -122.09192567759429,37.46558882117241,0 -122.09177029959287,37.465229342187435,0 -122.0914868559679,37.46494098841076,0 -122.09118202255772,37.464551067508665,0 -122.09080565001321,37.46429128833477,0 -122.09034640249388,37.464222408940714,0 -122.08986124486681,37.46430880586008,0 -122.08930491641473,37.464552385881966,0 -122.08914190902159,37.46470661329375,0 -122.08906905026217,37.464944907146126,0 -122.08908863623029,37.465136590524864,0 -122.08917836894403,37.46531304774752,0 -122.08954215339642,37.46562005384457,0 -122.08989392557685,37.46592696456406,0 -122.09019028428065,37.466141064427944,0 -122.09026827781025,37.466412066242036,0 -122.09046506095977,37.466970159257464,0 -122.0907504476407,37.46715713524317,0 -122.09102360286072,37.46736203754211,0 -122.09140086114407,37.4675497119919,0 -122.09212872379797,37.46790908499234,0 -122.09285014642961,37.468392337164424,0 -122.09298338095928,37.46871333639549,0 -122.09303613542265,37.469026957076046,0 -122.09310174657438,37.46921223602734,0 -122.0933974773558,37.46948039977186,0 -122.09371299263306,37.469924479868766,0 -122.09377694818969,37.470247198609655,0 -122.0937253795025,37.47059607382404,0 -122.09374193275823,37.470864348816534,0 -122.09375315541111,37.47104695817793,0 -122.09382654507483,37.47152523005004,0 -122.09394769007744,37.47191148352545,0 -122.09393118892399,37.472224571762986,0 -122.09381196272285,37.47249856656279,0 -122.09350010089386,37.472570535356724,0 -122.09321313587299,37.47251199984941,0 -122.09298363338588,37.47243587952383,0 -122.09289513136409,37.47221436949857,0 -122.09285997220218,37.47149753466798,0 -122.0928534845692,37.47115722912245,0 -122.09251208254042,37.47092476568672,0 -122.09230558321278,37.470875855980765,0 -122.09167088573533,37.47093407407687,0 -122.09114146002936,37.47093676264429,0 -122.09083104718293,37.47088930809589,0 -122.09064016237159,37.47060166344574,0 -122.09031076363163,37.4703129503806,0 -122.09005975098506,37.4701465228492,0 -122.08940571637277,37.46999276153316,0 -122.08878442804756,37.46999473360187,0 -122.08822114663515,37.46993405432065,0 -122.08770435393706,37.46982866255963,0 -122.08756993273286,37.469606799016745,0 -122.08736149124759,37.46890439409901,0 -122.0870652619012,37.46873761050662,0 -122.08675532336524,37.46865184470224,0 -122.08615676780659,37.46864496301387,0 -122.08554676950786,37.468649255156905,0 -122.08515484263424,37.468680020261424,0 -122.08476061517516,37.468841463058915,0 -122.08452504187336,37.46920693576964,0 -122.0846112424114,37.46955687317648,0 -122.0846741424476,37.469962965179526,0 -122.08473561595913,37.47048621913499,0 -122.08465864650894,37.471001639009096,0 -122.08443936954474,37.47101571208798,0 -122.08366166117234,37.47068745553149,0 -122.08334074342699,37.47057455092455,0 -122.08267189559567,37.47065048207203,0 -122.0821984816443,37.47075496721459,0 -122.08167967761825,37.470814028123435,0 -122.08116244564398,37.470744661370304,0 -122.08069299326303,37.47058327259052,0 -122.08034652114277,37.47065268441001,0 -122.0798823212113,37.47086989849252,0 -122.07958087355138,37.471014020951635,0 -122.078770333552,37.47128937195242,0 -122.07774468836458,37.4713534751682,0 -122.0765236353483,37.47138675446305,0 -122.07547698305794,37.47131998054613,0 -122.07471257604,37.47089036612732,0 -122.07444210229109,37.47052771072004,0 -122.07391471755746,37.470365845211774,0 -122.07307420167534,37.4703772811563,0 -122.07130339048501,37.47023042823772,0 -122.07057913187202,37.47015713392543,0 -122.07020043448757,37.4700888074943,0 -122.06980971944128,37.47002038403709,0 -122.06944518938718,37.46977865915379,0 -122.06909393283973,37.46943563577224,0 -122.06893728102723,37.46913019820592,0 -122.06854601531367,37.46910683469292,0 -122.06817712034561,37.46916025869251,0 -122.06765739015651,37.46923728070236,0 -122.06725459546459,37.46923184640716,0 -122.06669342149985,37.469060667331554,0 -122.06637461389708,37.468837321365434,0 -122.06609240365901,37.46845653056147,0 -122.06582262610446,37.468042034960995,0 -122.06560967417816,37.46766178696925,0 -122.06562663077747,37.46732166645122,0 -122.06567739996406,37.46704715642998,0 -122.06577283608154,37.46681807051822,0 -122.06574753413324,37.46623875952405,0 -122.06563751117217,37.465879607369295,0 -122.06545723097274,37.4656573534982,0 -122.06510035815815,37.465654526417126,0 -122.06476405137364,37.465816362198545,0 -122.06465418022788,37.46618278872506,0 -122.06443191007712,37.46643791184308,0 -122.06406375711751,37.466432743294,0 -122.06334424250753,37.46603946407344,0 -122.06294397118323,37.465889821193436,0 -122.06243763667166,37.46512192025925,0 -122.06235441584542,37.46454214763251,0 -122.06246406959889,37.46419374969799,0 -122.06273492064018,37.463783532867424,0 -122.0628812804545,37.46326867857198,0 -122.06280221253982,37.46314862244803,0 -122.06236479408192,37.46314515354234,0 -122.06207583659771,37.46325101890964,0 -122.06190155085619,37.463342024559005,0 -122.06153409409089,37.46328277235858,0 -122.06125872003211,37.46320622479774,0 -122.0609744679234,37.46299214932892,0 -122.06059903052515,37.462723272090415,0 -122.0603487302426,37.46250721299011,0 -122.05997538681721,37.462127931541815,0 -122.05960100044784,37.461775684743564,0 -122.05938914266957,37.4613120628681,0 -122.05908158646572,37.46109779872164,0 -122.05855511621706,37.46092685914693,0 -122.05816434996679,37.46086741108161,0 -122.05786728249224,37.460718574299115,0 -122.05775501464127,37.460541917272735,0 -122.05750679306027,37.46021770912199,0 -122.05720018098582,37.45998541917011,0 -122.05678748596115,37.45987171331646,0 -122.05631549314454,37.459865690062394,0 -122.05593533330284,37.45986265454753,0 -122.05573052999448,37.45973933709761,0 -122.05559492121748,37.45956474208733,0 -122.05518956992026,37.45903647009951,0 -122.05422783267876,37.458695282088044,0 -122.05385071183767,37.45850748843333,0 -122.0532446562447,37.458261526999216,0 -122.052364768102,37.4578759082369,0 -122.05108412264646,37.45732933502696,0 -122.05052316517572,37.45709498810623,0 -122.04998649455698,37.456840554758635,0 -122.04965716947889,37.45656299627811,0 -122.04929652553672,37.456080129734914,0 -122.04894961054701,37.455462171476526,0 -122.04869899585412,37.45527538302956,0 -122.04852816413486,37.45515007057953,0 -122.04831248043175,37.454995108919306,0 -122.04808564414444,37.45477245044953,0 -122.04790496329638,37.45453214171837,0 -122.0477977655369,37.454292421250095,0 -122.04763829750597,37.45393961339868,0 -122.04699057176195,37.453418374456966,0 -122.04639645657576,37.45312740715698,0 -122.04584429630657,37.452983240233536,0 -122.04566257700607,37.45293670706407,0 -122.04515869309859,37.452774901883124,0 -122.04483861617632,37.45266189891224,0 -122.04454103666205,37.452558093773526,0 -122.0441039406993,37.45253427865991,0 -122.04371277200379,37.45251083436863,0 -122.04308276822368,37.452320959941765,0 -122.0426921726533,37.45225244677076,0 -122.04201495432015,37.452163585580095,0 -122.04151073444278,37.45202880099618,0 -122.04077418867332,37.45199353340965,0 -122.04007250472344,37.451994596700494,0 -122.03963338305974,37.452074399805824,0 -122.03928838866813,37.45208736965657,0 -122.03869842819012,37.45208257237381,0 -122.03840280071495,37.45276518688621,0 -122.03827540433632,37.45305708694207,0 -122.0391254288857,37.45289499819551,0 -122.03981735713161,37.4528285144092,0 -122.04101468025131,37.452804439801774,0 -122.0414279987068,37.45286412533124,0 -122.04166802136419,37.45277143320933,0 -122.04177525595459,37.45272948820178,0 -122.04228254357868,37.452679517574246,0 -122.04274249358058,37.45273958045031,0 -122.04308634172187,37.452816724206514,0 -122.04380725860203,37.453081697028026,0 -122.04407010206087,37.453194235118396,0 -122.04443749953734,37.453253543805566,0 -122.04489768669447,37.45329557052877,0 -122.04565323542542,37.453560809075604,0 -122.04600665152283,37.453775475624646,0 -122.04625537077048,37.45405464896977,0 -122.0466142486248,37.454618631129215,0 -122.0468972538719,37.45492511349985,0 -122.04712503249198,37.455073420562734,0 -122.04734182112287,37.45519684768142,0 -122.0476162339843,37.45534552929999,0 -122.04788899664054,37.455568554026016,0 -122.04811079697237,37.45607734579084,0 -122.04813912444656,37.45646289681286,0 -122.04796297919238,37.45670033341356,0 -122.04780956311153,37.4569289397518,0 -122.047779262937,37.45736809565562,0 -122.0476947170957,37.4576265511509,0 -122.04740433847674,37.457788705943344,0 -122.04710359958762,37.45787641452605,0 -122.04675621388074,37.458020082130275,0 -122.04573829420475,37.45832282615012,0 -122.04493068450981,37.45842446480067,0 -122.0437317498125,37.4585679951544,0 -122.04314247564737,37.45867138478569,0 -122.04297006289318,37.45866999000957,0 -122.04242906329308,37.45864532614252,0 -122.04210347340995,37.45885224837618,0 -122.04167411104349,37.45910564948255,0 -122.04086437234135,37.45931765605465,0 -122.04056547230357,37.459315230905105,0 -122.04026471993974,37.45940292058375,0 -122.03980062511111,37.45960871122333,0 -122.03897838455516,37.45991298902979,0 -122.03884719998098,37.45994797407413,0 -122.03784593686696,37.460214737083845,0 -122.03615671156905,37.46072825332315,0 -122.03488550830542,37.46104686393315,0 -122.03377354040906,37.4614569011159,0 -122.03358792062359,37.46154776990452,0 -122.0330985885254,37.4618997953064,0 -122.03264705214445,37.46206059531978,0 -122.0322917504833,37.46199233707124,0 -122.03200344248106,37.461989977608425,0 -122.03159877300514,37.4621331274841,0 -122.03099447721182,37.46246617543788,0 -122.03065834649713,37.462609886275935,0 -122.03019692056324,37.462660182543964,0 -122.02991004537388,37.46260149096428,0 -122.02964447283317,37.4626443787754,0 -122.02923885743127,37.462805540122964,0 -122.02884609512442,37.46290146198055,0 -122.02809694509321,37.46295839426789,0 -122.02723023613406,37.46314279910723,0 -122.02648217306437,37.46317043626378,0 -122.02597662098539,37.463080645414934,0 -122.0256786758568,37.46300382669408,0 -122.02521926753904,37.46295271779744,0 -122.02473592181389,37.462948728367174,0 -122.02438053301611,37.46283312820471,0 -122.0239008847567,37.46259932689319,0 -122.02353501531452,37.46242054303379,0 -122.02339947930106,37.46229999497571,0 -122.02337888811813,37.4621443429318,0 -122.02330334429433,37.461758396938784,0 -122.02327218353373,37.461600407109884,0 -122.02308645415383,37.460992719655934,0 -122.02301399155142,37.460913253358505,0 -122.02208879508073,37.461085866499,0 -122.02230889490176,37.46138738734855,0 -122.02231457944089,37.46149333863137,0 -122.02232660339097,37.461709759323846,0 -122.02240404804992,37.461895172636034,0 -122.02243116818835,37.46198328141137,0 -122.02245890636769,37.462078148306794,0 -122.0224197335331,37.46237301391441,0 -122.02196508359138,37.46271626792698,0 -122.02145748694682,37.462784171135525,0 -122.02114680011425,37.462763567943384,0 -122.02060681111887,37.46276811069993,0 -122.02055138147256,37.46327916085273,0 -122.0207583991281,37.46328312958746,0 -122.02103422503947,37.46332146929369,0 -122.02149316353834,37.46340864303132,0 -122.02212379344421,37.46355356991171,0 -122.02242161999519,37.46363940930272,0 -122.02263838796482,37.463762882177825,0 -122.02286816892965,37.46380984926174,0 -122.0230760381881,37.46374847546282,0 -122.0232853474459,37.46363077809426,0 -122.02343574069583,37.46358695464208,0 -122.02388373142634,37.463646988793506,0 -122.02385838905387,37.46380226265719,0 -122.02364896391337,37.4639289688344,0 -122.02333648494177,37.464045815095375,0 -122.02287445803496,37.46414114283918,0 -122.02245848056623,37.464227835756844,0 -122.02200678877675,37.46439760627372,0 -122.02169466014814,37.46448741051439,0 -122.02117670862329,37.464480867127314,0 -122.02060340650392,37.46460004908966,0 -122.02060005758455,37.46621116414286,0 -122.02125075046396,37.466065582884234,0 -122.02256095767889,37.46569335973542,0 -122.0236837951902,37.465326334731856,0 -122.02452756836352,37.46511472737172,0 -122.0251041969444,37.46506540744598,0 -122.02595707633976,37.46502286683589,0 -122.02744673730406,37.46470614911893,0 -122.02823313597851,37.464503058455044,0 -122.0290530678642,37.46432953197914,0 -122.02965312720261,37.46427136720727,0 -122.0302290443178,37.46422201606521,0 -122.03059873249825,37.46416195385456,0 -122.03130455588496,37.4639581821993,0 -122.03272574636,37.463631822680874,0 -122.03340515837904,37.463612594441436,0 -122.03379675557096,37.46360678468427,0 -122.03430588833464,37.46341941193069,0 -122.03471077430457,37.46331456001948,0 -122.03550928496398,37.46304617094256,0 -122.03610990754609,37.46294291142806,0 -122.03680323087565,37.46277505710259,0 -122.03765870460555,37.46252739983817,0 -122.03825828065037,37.46250524143689,0 -122.03889304550148,37.4623842164914,0 -122.03939096639209,37.46218771872601,0 -122.04006223697975,37.461974600811686,0 -122.04089381372646,37.46182587176377,0 -122.04137671568384,37.461753176726845,0 -122.04186314981695,37.46168050728894,0 -122.04254302985825,37.461622923729195,0 -122.04337176792868,37.46164090464741,0 -122.04479396990672,37.461949851756195,0 -122.04537963823428,37.46207626515962,0 -122.04596297723033,37.46227476472499,0 -122.04661568413262,37.46246480640197,0 -122.04729333814868,37.462582939846364,0 -122.04826639865432,37.4629242776828,0 -122.04856993399892,37.463007841077605,0 -122.04938973113732,37.46323076380592,0 -122.04982458939668,37.46338072716773,0 -122.05040606977843,37.46372791246593,0 -122.05077318159066,37.46381423366278,0 -122.0510948224798,37.46386413766936,0 -122.05143781632327,37.464013361780225,0 -122.05174650260771,37.464137519966485,0 -122.05213682598855,37.46423304010951,0 -122.0532160260383,37.46439942305145,0 -122.05353638952312,37.46455071028583,0 -122.0539470040496,37.46477482913548,0 -122.05475273806225,37.46550009703973,0 -122.05516183174095,37.465845877141085,0 -122.05579025448614,37.466173131084254,0 -122.05622290378821,37.46644473526845,0 -122.0565192786617,37.466649901903814,0 -122.05678139718015,37.46682550138318,0 -122.05718163526677,37.46697741898817,0 -122.05763925414051,37.46717485815237,0 -122.05796769437805,37.46752899817334,0 -122.05804559987276,37.46768510102466,0 -122.05820336110462,37.46789817271614,0 -122.05825899377015,37.46802705939434,0 -122.05838317148519,37.468156489858096,0 -122.05866904684962,37.46829847431925,0 -122.05912667919806,37.46849590642958,0 -122.05956133174321,37.468666116432075,0 -122.05969775349553,37.46877761436143,0 -122.05977484781151,37.468999055430885,0 -122.05985275869612,37.46915515735138,0 -122.06005750630892,37.469341560344866,0 -122.06042902525596,37.46986954563422,0 -122.06063366956248,37.47000862577658,0 -122.06086278846898,37.470111847726564,0 -122.06135585396548,37.470246461403526,0 -122.06157307738096,37.470340574905094,0 -122.06199102575343,37.47083061655971,0 -122.06229722370453,37.47115753141608,0 -122.06238644887014,37.47131371794841,0 -122.06256882214419,37.47142558052594,0 -122.06300223052266,37.47169716562692,0 -122.06391328122257,37.47232180547541,0 -122.06463021407441,37.47287054265808,0 -122.06537104211282,37.473374393685226,0 -122.06606579106874,37.47383280908172,0 -122.06657890606407,37.47417711979394,0 -122.06693025513798,37.474513391408315,0 -122.06740262165373,37.47495201841813,0 -122.06807782237073,37.47550716179467,0 -122.06837482875986,37.47566723744959,0 -122.06867197259123,37.47581604589824,0 -122.06898132452731,37.47589284717627,0 -122.06943969798586,37.476036167906926,0 -122.07026012125002,37.476567656174446,0 -122.07032812910693,37.47666959154238,0 -122.07058743320356,37.47702089771276,0 -122.07073405263097,37.47722485190806,0 -122.07102855002552,37.477531372791525,0 -122.07176543356151,37.47824696564311,0 -122.07239148744932,37.47872283535883,0 -122.07296224643812,37.47904053021828,0 -122.07348296567234,37.47963273986302,0 -122.07354868821515,37.479863096762266,0 -122.07344989868673,37.480249895977714,0 -122.07327070634712,37.48067888131381,0 -122.073232190181,37.480935462661115,0 -122.07327126689586,37.48137742380157,0 -122.07333813389235,37.4815154011244,0 -122.07351438335107,37.4820688533322,0 -122.07358337037165,37.482493024339476,0 -122.07359851237406,37.48258327589417,0 -122.07375198864204,37.48303515006753,0 -122.07388662544189,37.48329533742669,0 -122.0741121385108,37.48358102638047,0 -122.0741944691066,37.48384080766086,0 -122.07424414863677,37.48399668041509,0 -122.07428267468434,37.48448370351229,0 -122.07418265805723,37.48496964279222,0 -122.0741433396956,37.48529156378679,0 -122.07428814003455,37.485587886782376,0 -122.07453470781711,37.486058514042284,0 -122.07461004233346,37.486370063927964,0 -122.07450030862991,37.486783819208235,0 -122.07450511910828,37.487196220008464,0 -122.07452136154693,37.4876560289624,0 -122.07466638556639,37.487934326648116,0 -122.07507491959467,37.48834312862199,0 -122.07516293922114,37.488600697236855,0 -122.07518212993057,37.48882167755892,0 -122.07489742776589,37.48937827532565,0 -122.07461350174562,37.48987179024911,0 -122.07442398327179,37.49021957240125,0 -122.07431574436491,37.490511661228794,0 -122.074333905605,37.4908160028412,0 -122.07432829382941,37.49115621458819,0 -122.07413721228703,37.49163017100126,0 -122.0737491302028,37.49214089266939,0 -122.07327380283992,37.492330949643964,0 -122.07283554715212,37.49238159155544,0 -122.07244197366661,37.492477650081725,0 -122.07204863464133,37.492612016060065,0 -122.07156327219836,37.492698334546645,0 -122.07086974315463,37.49286638966677,0 -122.0694031500285,37.49311623361201,0 -122.0686776131129,37.49312854204118,0 -122.0680331410668,37.49310317750898,0 -122.0674357676911,37.49298579507163,0 -122.066884465313,37.49291609822671,0 -122.06617049330833,37.49290819954145,0 -122.06547866387712,37.49293878502519,0 -122.06509952002997,37.49289747694302,0 -122.06470985152099,37.49279299139867,0 -122.0643649766053,37.492724913031054,0 -122.06401005942308,37.49261169033244,0 -122.06361923927386,37.49254324544474,0 -122.06292964125782,37.49245214990536,0 -122.06229820646148,37.492345738588156,0 -122.061791484776,37.49233045000296,0 -122.06098527824955,37.49234882909153,0 -122.06012062463576,37.492405049003246,0 -122.05942857332064,37.492453621028496,0 -122.05865677855778,37.49249028576982,0 -122.0584708533451,37.49248880110508,0 -122.05789686131959,37.49248197292989,0 -122.05748410251454,37.49247191954561,0 -122.05734415756966,37.49246855249905,0 -122.0568621512326,37.49234302299356,0 -122.05636812633537,37.49227373253201,0 -122.05564284723624,37.49226568338748,0 -122.05485972022603,37.492248151031866,0 -122.0544911854824,37.49226322937111,0 -122.05390270812295,37.4923396366968,0 -122.0534176699718,37.49239884519288,0 -122.05287687069604,37.49239451164862,0 -122.05263535953021,37.492372296528146,0 -122.05219916906925,37.492258382635136,0 -122.05190014057244,37.49225598064965,0 -122.05177243786828,37.49229100900254,0 -122.05186813719213,37.49249457939437,0 -122.05217166265528,37.49253306733695,0 -122.05237935314898,37.49254600165895,0 -122.0525861417341,37.49257469921021,0 -122.05287280671769,37.492660373412555,0 -122.05342596591346,37.492637766357724,0 -122.05371493507575,37.492540934700756,0 -122.0541870500632,37.49255372932194,0 -122.05477436500269,37.49256969640164,0 -122.05516585709171,37.49258409399762,0 -122.0555912003956,37.49260552003862,0 -122.05629340447003,37.49264944265507,0 -122.05751260066859,37.49273578747014,0 -122.05832794216319,37.492891010169146,0 -122.05875441824263,37.49287863755341,0 -122.05922744142686,37.49281931040837,0 -122.05990840842964,37.49269629394015,0 -122.06108315598796,37.49271915400382,0 -122.06193500771063,37.492782258092426,0 -122.06224509626524,37.492804997675,0 -122.06263521303356,37.492873442322875,0 -122.06306126690485,37.4928948497494,0 -122.06337231575849,37.49289731728721,0 -122.06380838494687,37.492966116086464,0 -122.06416456965196,37.49303428902971,0 -122.06457776413991,37.49312318717269,0 -122.06494250529809,37.49335591440625,0 -122.06536622714289,37.49350799119266,0 -122.06576825467357,37.49358552979302,0 -122.0660793089171,37.49358799018057,0 -122.06647069949652,37.49361136385865,0 -122.06697527151351,37.49374378914148,0 -122.06760761809988,37.49377807839711,0 -122.06816064075171,37.49376666599036,0 -122.06869118126694,37.49374381266197,0 -122.06946242626086,37.49375214317992,0 -122.07042048130802,37.49363349593247,0 -122.07114921442941,37.49342065370483,0 -122.0716824858231,37.49317697959954,0 -122.0721302456866,37.49310163227288,0 -122.07235269729702,37.493065071180126,0 -122.07299809101458,37.49301605622318,0 -122.07344781010369,37.49301057162651,0 -122.07366714815335,37.492940187714865,0 -122.07393291023858,37.49288818982019,0 -122.07447519981942,37.492829343788934,0 -122.07483286943967,37.492778066407695,0 -122.07591449044911,37.49284286465267,0 -122.07684541008645,37.49297407891297,0 -122.07737410007219,37.49304355831575,0 -122.07834931473789,37.49331030299894,0 -122.078899719699,37.49345430377749,0 -122.07912056242677,37.49354841299754,0 -122.07944901883397,37.49368842695297,0 -122.08042273960137,37.49402049327056,0 -122.08143217199458,37.49420861323298,0 -122.08167412962307,37.49425330893832,0 -122.08266225936762,37.49439167729275,0 -122.08288116532763,37.49441366017375,0 -122.08313048824316,37.49449220777794,0 -122.08330517732827,37.4945453919699,0 -122.08385538106673,37.494707391839995,0 -122.08454381845945,37.494897503578436,0 -122.08535796249976,37.49509985166435,0 -122.08580473601306,37.49527907336931,0 -122.08595866143867,37.49529603554508,0 -122.08616128363754,37.49532013923278,0 -122.08651725903516,37.49534993189039,0 -122.08672485790069,37.495371816133236,0 -122.08733222862722,37.495543259942,0 -122.08744226775795,37.495564385790075,0 -122.08775120467236,37.49562536070874,0 -122.08812573028062,37.495641773296384,0 -122.08842485759213,37.49563732305366,0 -122.08917363751745,37.49563408372725,0 -122.08953062890966,37.495639088468714,0 -122.08999053309748,37.495669672121295,0 -122.09028927413341,37.49575534562425,0 -122.09070104479166,37.495907240770194,0 -122.09087198520709,37.49603699498679,0 -122.09100916154422,37.49609438454452,0 -122.09122843222023,37.496087058508564,0 -122.09143522080537,37.496117944883075,0 -122.09149114452507,37.49622878535372,0 -122.09132703579739,37.496410046992615,0 -122.0910711327224,37.496581583208915,0 -122.09081588182431,37.496699046233005,0 -122.09052555171436,37.49685229289854,0 -122.09041996014261,37.49698893452994,0 -122.09033655246682,37.4971617979052,0 -122.09033101075981,37.4975020092548,0 -122.09028000531629,37.497859900476904,0 -122.0901927438679,37.49829186996116,0 -122.08997803393858,37.49873863032635,0 -122.08969621626431,37.49912178261796,0 -122.08940360802679,37.49940344850401,0 -122.08919295938088,37.49963166482644,0 -122.08875682281887,37.50026148893979,0 -122.08837174649759,37.50058750463248,0 -122.0879763413472,37.50083232120478,0 -122.08759306614807,37.50106821504372,0 -122.0873027108853,37.501221452030215,0 -122.08714956519735,37.501429829966995,0 -122.08698351521036,37.501768801789694,0 -122.08678427606685,37.501988090487274,0 -122.08657418617304,37.50216898537924,0 -122.08629401331402,37.50241468616381,0 -122.08619751359124,37.502558151997846,0 -122.08609307276139,37.50271507819483,0 -122.0858906733447,37.503134887413516,0 -122.08572450388176,37.50348287077132,0 -122.08554598438027,37.50385779404148,0 -122.0853335858162,37.50416936589025,0 -122.08523453847131,37.50463729418562,0 -122.08524156958502,37.50493027941711,0 -122.08531729576684,37.50521478674569,0 -122.08546390082121,37.505427738596524,0 -122.08623786321887,37.50533908670615,0 -122.08627143954925,37.50519513378727,0 -122.08631868015341,37.504916086589624,0 -122.08639607809995,37.50465755018174,0 -122.08638241023291,37.50456054882426,0 -122.08631657270574,37.50410261343107,0 -122.08637753777082,37.50368396556607,0 -122.08654646416338,37.50322558722866,0 -122.08676822407105,37.5030154882589,0 -122.08705042352933,37.502661643265114,0 -122.0875069410685,37.502160420622076,0 -122.08788129240361,37.50178700466539,0 -122.0882205321875,37.501451622632004,0 -122.08848997467047,37.50127343414536,0 -122.08873230509981,37.501115316183494,0 -122.08922243400367,37.500697722718,0 -122.08951526771831,37.5003980316849,0 -122.08998333938867,37.49993294394041,0 -122.09024701378918,37.499238690025365,0 -122.09032307055101,37.498797621366954,0 -122.0904199466679,37.4985054345207,0 -122.09064583253766,37.498011435704704,0 -122.09094159565842,37.49752699170855,0 -122.0912567066938,37.49725450839733,0 -122.09173455922097,37.4968548337149,0 -122.0920834046902,37.49665696907481,0 -122.09236116647101,37.49654869073519,0 -122.09277692205585,37.49648879134459,0 -122.09345629454901,37.49649625917136,0 -122.09381252596651,37.49656434051571,0 -122.09425873443952,37.49673450796941,0 -122.09453189325276,37.49694841623313,0 -122.09482982849991,37.49704308551629,0 -122.09532596533639,37.49700182032868,0 -122.09554721949256,37.496830009258304,0 -122.09584697652308,37.496832302764474,0 -122.09606453411186,37.496908329817145,0 -122.09636290863514,37.49696694741797,0 -122.09660618678713,37.49690346128856,0 -122.0968344819385,37.496733952053575,0 -122.0971177566802,37.496578383122724,0 -122.09740614373416,37.496526506071675,0 -122.09761388633015,37.49653710770037,0 -122.09778546544771,37.49655644150357,0 -122.09796974045521,37.496578130821916,0 -122.09903720221912,37.49682738505379,0 -122.09964596892762,37.49694469445849,0 -122.1000265384011,37.496929566461965,0 -122.10046437367733,37.4969148753541,0 -122.10088994605161,37.49692036821662,0 -122.10167111293784,37.49704799109666,0 -122.10309347751092,37.497124146930055,0 -122.10320333518197,37.497161034594406,0 -122.1033737231335,37.49722091705351,0 -122.1042545581005,37.497588133935714,0 -122.1044840372314,37.49767324932891,0 -122.10494072724711,37.49791556603472,0 -122.10558137785999,37.49820658992695,0 -122.10636986781239,37.49861140017967,0 -122.10702815684586,37.49908507623281,0 -122.10725909304416,37.4992265265664,0 -122.10761311370774,37.49942299180781,0 -122.10787568407876,37.49958045554475,0 -122.10817254853409,37.49976747323373,0 -122.10876458501872,37.50022486079692,0 -122.10909573906673,37.500382840959574,0 -122.10930211622347,37.50044974498135,0 -122.10979461578135,37.500656258575546,0 -122.11012345037933,37.50101025917099,0 -122.11028153680132,37.501214249076455,0 -122.11048504563736,37.501463650321696,0 -122.11091000625895,37.50152318582501,0 -122.11102911657741,37.50155562855297,0 -122.11126595650376,37.501618247688675,0 -122.11148322393669,37.50172128344046,0 -122.11177734224215,37.50208177846024,0 -122.11208264636957,37.50245362224445,0 -122.11221730293236,37.502666447991885,0 -122.11259256605747,37.502982482456794,0 -122.11285481034004,37.50316922651863,0 -122.11360650979002,37.503762995857485,0 -122.11453723359463,37.504646524974284,0 -122.11476441483504,37.5048690583984,0 -122.11477023681638,37.50497500932529,0 -122.11481621708423,37.50527279280201,0 -122.11488138267157,37.505503121945225,0 -122.11497164988286,37.50564350756931,0 -122.11525724317632,37.50583041885578,0 -122.11556581178148,37.50598821042694,0 -122.11578254202186,37.506138557606775,0 -122.11596306835969,37.506360735261396,0 -122.11610764591644,37.50669305949203,0 -122.11607890252229,37.50709168456762,0 -122.11614184298267,37.50751127748416,0 -122.11633911212074,37.50817298328448,0 -122.11647129472323,37.50859760036225,0 -122.11645286578518,37.50902109126185,0 -122.11647066859747,37.50937049303212,0 -122.11646851713238,37.509552997592685,0 -122.11660298504896,37.50978384440779,0 -122.11668060398107,37.509978213231186,0 -122.11674712512617,37.51015447121555,0 -122.11682442515637,37.510375876592214,0 -122.11680971883685,37.51060335534612,0 -122.11676076694208,37.510796776444046,0 -122.11668924936737,37.51092468415162,0 -122.11662932904298,37.51108873063197,0 -122.1164390730523,37.51151093260768,0 -122.11655680535513,37.512081911869586,0 -122.11664633864287,37.51228537842889,0 -122.11686036585257,37.512606955089986,0 -122.1168920242798,37.51280097738354,0 -122.11686397079183,37.51314102341425,0 -122.1168718696781,37.51337092497439,0 -122.1169464244568,37.5137658162539,0 -122.11697554514336,37.514115300557876,0 -122.11710837453283,37.51448584244102,0 -122.117345356393,37.51478054899274,0 -122.11747994468381,37.51500238313286,0 -122.11769648897294,37.51517074646055,0 -122.11790227863149,37.51529171013993,0 -122.118200212082,37.515395338374304,0 -122.11847523400118,37.51546273840396,0 -122.11876129352027,37.515613590211856,0 -122.11889725982671,37.5157790977623,0 -122.11900570714276,37.51623959145988,0 -122.11895696725037,37.516414989603405,0 -122.1187560123247,37.516724447714445,0 -122.11856760866017,37.516988939603515,0 -122.11835752595286,37.51717214375297,0 -122.11804443522857,37.517334301159444,0 -122.11780070612231,37.517431625787324,0 -122.11766037669852,37.517577045686565,0 -122.11774802172752,37.51788190328468,0 -122.11795392637042,37.517993852172914,0 -122.11817199330397,37.51803378832835,0 -122.11843718316238,37.51803576839156,0 -122.11878207694267,37.518056367743775,0 -122.11911454073436,37.51817151410609,0 -122.11935520299224,37.518274712262226,0 -122.11963962039098,37.51850667139646,0 -122.1198432055838,37.518756056907336,0 -122.12003344720142,37.51911800794892,0 -122.12016825557949,37.51938265309085,0 -122.12037227106535,37.519595987743294,0 -122.12071233640098,37.51996806561803,0 -122.12104924236179,37.52054968526824,0 -122.12150416718796,37.520958670629824,0 -122.12169827605287,37.52105250008887,0 -122.12190485443223,37.521108117716885,0 -122.12223778355124,37.521184952223955,0 -122.12252474857213,37.52126144394982,0 -122.12271798427457,37.521429625723904,0 -122.12271416643463,37.52169549382267,0 -122.12251539800836,37.5218787897252,0 -122.122285575721,37.521874828377655,0 -122.1218832292884,37.52180649296234,0 -122.12153816662482,37.52173857713159,0 -122.12125222748001,37.52163505104028,0 -122.12080465536442,37.52150327798153,0 -122.12035679129637,37.521396291774735,0 -122.11937824837254,37.52136871890333,0 -122.11899745162529,37.52139291890773,0 -122.11855894530756,37.52145274060665,0 -122.11825644661879,37.52161497420785,0 -122.11820748753748,37.52180839526592,0 -122.118228182925,37.52197304479766,0 -122.1183643684204,37.52212052913477,0 -122.11850095007281,37.52223421578836,0 -122.11862489871739,37.5223996366953,0 -122.11868022236251,37.522566792802586,0 -122.11865505516148,37.52272208671481,0 -122.11854990017093,37.52282270230916,0 -122.11838709669537,37.52289359382297,0 -122.11807472372502,37.522992661006306,0 -122.11792458290168,37.523009567725786,0 -122.11761353404805,37.522995976091565,0 -122.11739521468792,37.522976317840545,0 -122.11714205327117,37.52297217558592,0 -122.11688794592843,37.52298830073926,0 -122.11663275252252,37.523096806479785,0 -122.11644664854511,37.52322385240393,0 -122.11635163822909,37.52342368996106,0 -122.11637166706664,37.52364466483393,0 -122.11637988126162,37.52384752776755,0 -122.11644675724125,37.52399449614602,0 -122.11659380426673,37.5241803690338,0 -122.11691288944893,37.52441259621305,0 -122.11712988469233,37.52454491271767,0 -122.11739221611147,37.52473164558054,0 -122.11762055617862,37.524861794976914,0 -122.11789367816097,37.52509367450069,0 -122.11824728919278,37.52533742254724,0 -122.11851050365587,37.525449799824045,0 -122.11882055987111,37.52548816604988,0 -122.11914229688003,37.52555591389432,0 -122.11944003449779,37.525679817349115,0 -122.11963520067978,37.52574436475869,0 -122.11977158021128,37.525876073332014,0 -122.11996484825306,37.52604200980212,0 -122.12016888080693,37.526255341087044,0 -122.12037301936198,37.526459661675254,0 -122.12057807599527,37.52664596371401,0 -122.12109119727879,37.52698102736851,0 -122.12136269870038,37.52735259322985,0 -122.12151052995512,37.52747311825873,0 -122.12152965508753,37.52771211383455,0 -122.12152657027283,37.527914894466214,0 -122.12153585076804,37.528088467033655,0 -122.12160197216282,37.52830077371808,0 -122.12166738568519,37.52851307552387,0 -122.12181593110057,37.52863360580175,0 -122.12196376505025,37.52875413303532,0 -122.12216991762818,37.52884805028992,0 -122.12240991333611,37.528951237953336,0 -122.12285687190236,37.5291393283131,0 -122.12306197614633,37.52926253264877,0 -122.12305983815597,37.529445037005466,0 -122.12303397116735,37.52960032728576,0 -122.12297478656318,37.529701288377595,0 -122.12285809989935,37.52981984624627,0 -122.12275251731073,37.529956517294416,0 -122.12266999088222,37.5300573019427,0 -122.12262170014748,37.530194396429685,0 -122.12263129954462,37.53034093626743,0 -122.12262874653258,37.53049865179613,0 -122.12276484758632,37.53065514310743,0 -122.12291258541627,37.530784678064556,0 -122.1230615566331,37.53086916076319,0 -122.12325737319536,37.530879626435414,0 -122.12353308681729,37.53089294022734,0 -122.12368272099081,37.530921090173436,0 -122.1240496953608,37.53105450502946,0 -122.12418688247772,37.53111861822052,0 -122.12432264756154,37.53130439855735,0 -122.12445609768692,37.53162761436404,0 -122.12464894621549,37.531831845437374,0 -122.12485006104129,37.53223668419889,0 -122.1249027768771,37.53256831333533,0 -122.1249097253458,37.532881576878296,0 -122.12491807069482,37.5330754253515,0 -122.12491457265507,37.53331425480531,0 -122.12499118277915,37.53359874368729,0 -122.12506884752536,37.53379310461946,0 -122.12515887847977,37.53395826766656,0 -122.12529572783015,37.534051664047134,0 -122.12550108629736,37.53415458806364,0 -122.12568370481146,37.534266352967194,0 -122.12584344952347,37.534398229567934,0 -122.1259102473497,37.534554206215255,0 -122.1259414090086,37.53479328951623,0 -122.12594933933592,37.535023188473524,0 -122.12586244440018,37.5354371556849,0 -122.12586003242365,37.53558360615184,0 -122.12589287483041,37.53573932886381,0 -122.12597086027519,37.535906653822344,0 -122.12625428234057,37.53623097802331,0 -122.12651405266288,37.53658216642477,0 -122.12661362462391,37.53683978516763,0 -122.12652872843967,37.537143353809775,0 -122.12640961901951,37.5374083688138,0 -122.12638068158928,37.53776643411439,0 -122.12671684194837,37.538422387522424,0 -122.1267827764936,37.538652714788284,0 -122.12675659778958,37.5388350415956,0 -122.12658546782966,37.539496255230524,0 -122.12667519425517,37.53968845248785,0 -122.12682187746296,37.53991036357639,0 -122.12694605787291,37.540060001343456,0 -122.12735719971043,37.540292883545035,0 -122.12761853579627,37.54057197510772,0 -122.12786860790678,37.54078563308921,0 -122.12814074084396,37.541109869826826,0 -122.12848583674521,37.54191235081072,0 -122.12841904161394,37.54254504686714,0 -122.12831632824438,37.543224795023335,0 -122.12829879223169,37.5436370229374,0 -122.12831665612944,37.54398642002109,0 -122.12839284584194,37.54430921048743,0 -122.12845829170365,37.544521506608966,0 -122.12866289199276,37.54475285563695,0 -122.12886762882579,37.54491210265638,0 -122.12907309958244,37.54506909719788,0 -122.12927815262243,37.545201300134586,0 -122.12955347547725,37.5453137464847,0 -122.12985133257094,37.545435365701906,0 -122.13065389014072,37.545718437981485,0 -122.13102277882055,37.54569411481608,0 -122.1313120453252,37.54564216364205,0 -122.13163516214637,37.54559947447911,0 -122.13193312973286,37.54571207692249,0 -122.13213766444495,37.54588934093605,0 -122.13220341483554,37.546137691183404,0 -122.13213071148465,37.546366993919875,0 -122.13211633754179,37.546569688928905,0 -122.13245595192316,37.546995811813055,0 -122.13259338787343,37.547041889689446,0 -122.13290223675294,37.5471928763528,0 -122.13311870019369,37.54737924055642,0 -122.13336946400695,37.547536561800094,0 -122.13373632968077,37.54768797123592,0 -122.13410426524808,37.5477470054912,0 -122.1348290538671,37.54784470353058,0 -122.13543881501059,37.5479167706469,0 -122.1357715671615,37.54802060853718,0 -122.1360457895801,37.54816907907645,0 -122.1362397511213,37.54828316546667,0 -122.13685539982316,37.54876537268776,0 -122.13715161479652,37.548970339547,0 -122.13751743033977,37.54921411781543,0 -122.13781248109653,37.54952047636296,0 -122.13818746304898,37.5498905040916,0 -122.13866625701054,37.55021622320601,0 -122.1392160295577,37.55046134060789,0 -122.13949170275545,37.55054672331142,0 -122.13983569193226,37.550659643755864,0 -122.14020197998937,37.55080201904846,0 -122.1403734459192,37.550904663553176,0 -122.14064157686185,37.55121532534016,0 -122.14080427703115,37.551403535455215,0 -122.14111012733427,37.55175728036091,0 -122.14137986626126,37.55223694682881,0 -122.14156977819715,37.55264392956308,0 -122.14184307265604,37.55287575404243,0 -122.14211688544285,37.55306251781071,0 -122.14247166428453,37.55322282815658,0 -122.14281419549563,37.553464168999,0 -122.14316543407679,37.553872320819146,0 -122.14333305611555,37.554249841689966,0 -122.14344317339967,37.554581879266394,0 -122.1434355458046,37.55512487590205,0 -122.14343855156753,37.55566570008516,0 -122.14350329045514,37.55600642096563,0 -122.14362504361718,37.55631150249348,0 -122.14382951993876,37.55656085204406,0 -122.14395272837156,37.556800596855034,0 -122.14402798114122,37.55715041292785,0 -122.1440136332495,37.55735310638506,0 -122.14390659359351,37.55755513059914,0 -122.14366119451914,37.55778995068444,0 -122.14339231348325,37.55803586568351,0 -122.14317075210327,37.55822804291483,0 -122.14311022631436,37.558446177258524,0 -122.14315414494858,37.55856592139403,0 -122.14319700267248,37.55877804872838,0 -122.14332143820396,37.55897273568636,0 -122.14339648166617,37.5593405715954,0 -122.14341169912707,37.559865710164985,0 -122.14343938520412,37.56035262850413,0 -122.1436403392315,37.560786725735554,0 -122.14385802977093,37.56087167647028,0 -122.14408839374241,37.56090038905043,0 -122.14430660171145,37.56094027659601,0 -122.14445534834942,37.561051768488895,0 -122.14444195267191,37.56117109826899,0 -122.14440554305516,37.56126096701485,0 -122.14431280817173,37.56132564242283,0 -122.14416217956321,37.561378628020904,0 -122.14399867270677,37.561505885020125,0 -122.14384542820413,37.561725595596215,0 -122.14384116210483,37.56203652488119,0 -122.14398886400218,37.56217730187656,0 -122.14422919029013,37.56232551207348,0 -122.14436673493654,37.56236481494573,0 -122.14466540680222,37.56242331205654,0 -122.1448952614289,37.5624970861839,0 -122.14503250064814,37.56256342465883,0 -122.14518064451657,37.56266589772975,0 -122.14537457641339,37.562786727416984,0 -122.14577352990915,37.56311184471388,0 -122.14587545006633,37.56323426089855,0 -122.1460215143349,37.56351923588836,0 -122.14616694978277,37.563797445103646,0 -122.14645066919053,37.56411270865109,0 -122.14673275725774,37.564509080127515,0 -122.14696963850659,37.56489836519495,0 -122.14724051380242,37.565285642361175,0 -122.14756949392746,37.56566657667155,0 -122.14785159457104,37.56606294344044,0 -122.14808716068633,37.56650629746676,0 -122.14814000048966,37.56683791728478,0 -122.14817070670271,37.56712431538651,0 -122.14828303923235,37.56732792160053,0 -122.14840702560618,37.567502324504204,0 -122.14860968373766,37.5678530494404,0 -122.1485935886227,37.56814812044307,0 -122.1484751223963,37.56835907697698,0 -122.14842603126266,37.5685682834644,0 -122.14840993255443,37.56886335376977,0 -122.1489107819529,37.56931762916953,0 -122.14934622860878,37.569487513222484,0 -122.14968075133912,37.5695079488392,0 -122.15005067577647,37.56940245625344,0 -122.15031903848445,37.56920384341311,0 -122.15088416593474,37.56917185517795,0 -122.15122836082574,37.56927573109359,0 -122.15144357920151,37.56958147457685,0 -122.15151782675639,37.570023662032554,0 -122.15158981055673,37.57060328285637,0 -122.15160747952004,37.57097971787903,0 -122.15182401752098,37.57191865507652,0 -122.15176256017914,37.572220162752636,0 -122.15162300869636,37.57229351778293,0 -122.151427180456,37.572274081141984,0 -122.15115121171253,37.57220675167843,0 -122.15094581910934,37.572094862100585,0 -122.15064971283213,37.57180656072312,0 -122.15018143724417,37.571535045010975,0 -122.14993930534251,37.5715423145113,0 -122.14968367984692,37.571677925094534,0 -122.14946110337065,37.571894895106205,0 -122.14947947930813,37.57220823974104,0 -122.14959202473851,37.572393822987586,0 -122.14979792129658,37.572523746079106,0 -122.15001544834263,37.57262671167161,0 -122.15030243402475,37.57272116247245,0 -122.15057582370505,37.57295296862836,0 -122.15091723022542,37.57324159877541,0 -122.15136006642282,37.57369770074812,0 -122.15149289042242,37.574092987434476,0 -122.15159238782327,37.57436861043754,0 -122.15169247092572,37.57465549931934,0 -122.15175996764124,37.57475738546989,0 -122.15199058763253,37.57476805501116,0 -122.15222265660643,37.574650294831066,0 -122.15240778052184,37.57461557283962,0 -122.15270640298017,37.57468306387806,0 -122.15291065921453,37.57489634284663,0 -122.15298759632535,37.57516503832058,0 -122.15307452719371,37.57555097915518,0 -122.15320881724385,37.57581783755342,0 -122.15336737887463,37.576003747135786,0 -122.15343279060039,37.576290388366196,0 -122.15343032113165,37.57644585089562,0 -122.15351499543202,37.576969227136125,0 -122.15358155430637,37.577154476007316,0 -122.15375093524645,37.5773855315032,0 -122.15390919683995,37.577598480222676,0 -122.15400807081002,37.577930424420344,0 -122.15402585924926,37.578297844214426,0 -122.15403397642616,37.57851872622386,0 -122.15418081683913,37.578740606414755,0 -122.15450024697438,37.57897273555815,0 -122.15485322110067,37.5792434068635,0 -122.15526392995025,37.57954153244495,0 -122.15568707777159,37.57980369425031,0 -122.15592306429839,37.58021773881343,0 -122.15619350570793,37.58065231045252,0 -122.15648980063138,37.58086624009439,0 -122.15681993598986,37.58115477122653,0 -122.15736854971028,37.58152823340052,0 -122.15768501181184,37.58196312913501,0 -122.15774932849124,37.582285814185255,0 -122.15758252391937,37.58264064830698,0 -122.15726779466802,37.58286823909605,0 -122.1569553489341,37.58295614390237,0 -122.15675928623345,37.582954742193124,0 -122.15651957618978,37.58280656521388,0 -122.15623470783677,37.5825837012024,0 -122.15582130943123,37.582459065811875,0 -122.15522109468424,37.58251786606951,0 -122.15496628396063,37.58257913298828,0 -122.15474510795792,37.58273302975303,0 -122.15447637604234,37.58296094416913,0 -122.1541618650816,37.5831682516127,0 -122.15390773258602,37.58323177325201,0 -122.15373455356891,37.583210252926825,0 -122.15355134216672,37.583136831054794,0 -122.1531945385224,37.583077941588144,0 -122.15287106596838,37.58313871328447,0 -122.15270887065225,37.583209652806495,0 -122.15262591572734,37.58334651214561,0 -122.15265695341873,37.58360586570139,0 -122.1526634410517,37.58390785783069,0 -122.1528826928631,37.584736400162775,0 -122.15308407359021,37.585143443834625,0 -122.15328855799667,37.5853386954435,0 -122.15343550980073,37.58555156233116,0 -122.15343105236029,37.58588276846389,0 -122.15332297515015,37.586174924867414,0 -122.15318167015596,37.586338405042746,0 -122.15298187854856,37.58660286355814,0 -122.15299111233136,37.58678769765287,0 -122.15306869712751,37.58700007064386,0 -122.15321618702244,37.58716561906289,0 -122.15342027347518,37.58739692395789,0 -122.15360191282565,37.587610035528876,0 -122.15367805402914,37.587887741885346,0 -122.15377602339571,37.58830079901504,0 -122.15372244877045,37.58884346587036,0 -122.15352079854874,37.58920931276387,0 -122.15326265058388,37.589500390506736,0 -122.15291443842692,37.58968041045489,0 -122.15268283208542,37.589753107642544,0 -122.15232278642124,37.58991501394991,0 -122.15206659408875,37.59009569631204,0 -122.1519249692943,37.59028620774213,0 -122.15193348172993,37.59053413595615,0 -122.15201168277035,37.59069242881561,0 -122.15229678019375,37.59089727463278,0 -122.15280348301461,37.59097527648029,0 -122.15314892476721,37.590977753586756,0 -122.15352673551448,37.59118551490507,0 -122.15347743417504,37.591412746442906,0 -122.15332394892393,37.59165049848869,0 -122.15318178873359,37.59188832878511,0 -122.15292340181684,37.59219968450323,0 -122.15280409207237,37.59248274852043,0 -122.15267281227676,37.592822055352705,0 -122.15248124474579,37.5932961310827,0 -122.15238114008378,37.59382043376573,0 -122.15239624435696,37.59436133786839,0 -122.15253167796247,37.59459215205116,0 -122.15273328775997,37.594981168113115,0 -122.15285502834561,37.59535834540222,0 -122.15290801008274,37.595680949607555,0 -122.15272485886769,37.59634887394298,0 -122.15266149979236,37.596754011370486,0 -122.1526657910445,37.59724977405554,0 -122.15266031132123,37.59760801160097,0 -122.15294847559304,37.59841902000197,0 -122.15300051230248,37.598824990278175,0 -122.15297373711714,37.599063650303684,0 -122.15288007337573,37.59914409693893,0 -122.15261344082298,37.599243580927464,0 -122.15231326338092,37.59930452091676,0 -122.15198890778295,37.59937429558447,0 -122.15172166078257,37.59952785442641,0 -122.15152037976841,37.599857642522984,0 -122.1514920361246,37.60023374458933,0 -122.15159363198995,37.60038995211082,0 -122.1517869323711,37.60057611348616,0 -122.15206073707307,37.60078088014113,0 -122.15261894030914,37.60125583252916,0 -122.15267181874005,37.60158744989153,0 -122.15255289976274,37.60183445722392,0 -122.152398880014,37.602117271790696,0 -122.15229033837487,37.602447728085075,0 -122.15225131016902,37.60276741917024,0 -122.15219795113947,37.60322670870395,0 -122.15213118834755,37.60386842568519,0 -122.15214812698055,37.604310195998934,0 -122.15227009304331,37.60460625694084,0 -122.15255625766527,37.6047840732801,0 -122.1531874202721,37.605009427163026,0 -122.15366639928664,37.60535536732748,0 -122.15354676165711,37.605665466105094,0 -122.1532205941572,37.60589296371315,0 -122.15294077972601,37.60609150145228,0 -122.15280044850557,37.60622794437814,0 -122.1527158038496,37.60651125463993,0 -122.15278864464275,37.60701877438404,0 -122.15296971625793,37.607285965469316,0 -122.1531632412179,37.60745409761279,0 -122.15336602780846,37.60780481653229,0 -122.15344211151977,37.60808928006342,0 -122.1534142835089,37.60842031828527,0 -122.15334107081323,37.6086946954858,0 -122.1533718138572,37.60898108486953,0 -122.15339136119776,37.60919303728198,0 -122.15344695164252,37.609348914293996,0 -122.15377625516105,37.609720822402515,0 -122.15396701510659,37.61007145306603,0 -122.15392829412455,37.610364103022086,0 -122.1537859973903,37.610610947426025,0 -122.15375817117607,37.61094198509858,0 -122.15387984079477,37.61132817594513,0 -122.1540849126994,37.61147836124671,0 -122.15431294284777,37.61166477097944,0 -122.15444719516867,37.61194063415332,0 -122.1544081436066,37.61226257795458,0 -122.15438380195735,37.613161473625574,0 -122.15440490607834,37.61329907843123,0 -122.1544713957824,37.61349333749443,0 -122.1546763715673,37.613652540740475,0 -122.15482452801217,37.61376401134483,0 -122.15521535804282,37.61389525339487,0 -122.15576649423258,37.61406594086521,0 -122.1563770440969,37.614117627282596,0 -122.15692036224871,37.614040390462996,0 -122.15721236592002,37.61376757073899,0 -122.1575399779109,37.61347698286348,0 -122.1579132072502,37.61315967541241,0 -122.15836746013656,37.61287899778739,0 -122.15913564906187,37.61238874533606,0 -122.15935862618676,37.61214472267245,0 -122.15951400957809,37.61174023407896,0 -122.15952934202335,37.61151050707279,0 -122.15963753331953,37.61120933359038,0 -122.15983562172116,37.611037237671354,0 -122.16011378774382,37.61098514135431,0 -122.16052851655431,37.611006117797594,0 -122.16098759159708,37.611176126610204,0 -122.1613649406103,37.611372594385486,0 -122.16144113301775,37.61171338560566,0 -122.16126261710954,37.61209743192311,0 -122.16111126625553,37.612206770031264,0 -122.1607622572929,37.61238680691753,0 -122.16029864036804,37.612557013246686,0 -122.15988188046671,37.61265319239533,0 -122.15956763810222,37.61282671276243,0 -122.15889357734731,37.61319595917541,0 -122.1582538052868,37.613538407887084,0 -122.15735618350206,37.61420123417607,0 -122.15692508559049,37.61450009853854,0 -122.15651519061456,37.61492754985322,0 -122.15634568750359,37.6154513592509,0 -122.15637647007341,37.61573549823136,0 -122.15645503672819,37.61586449818974,0 -122.15666093418456,37.61600567506989,0 -122.15685431271915,37.61618957370528,0 -122.15703967468814,37.61639369895015,0 -122.15711520952881,37.616477608547314,0 -122.15740061597266,37.61672751160432,0 -122.15747885474235,37.616885801393224,0 -122.15755681233932,37.61706887813175,0 -122.15764688731119,37.61724527997862,0 -122.15787073041197,37.61767951159132,0 -122.15809754334313,37.617976312698616,0 -122.15846029113968,37.61840252301057,0 -122.15865089028678,37.61877117392226,0 -122.15897666073131,37.61939991562274,0 -122.1592472575494,37.61983447832377,0 -122.15951775645112,37.62027805217096,0 -122.1597779669479,37.62062917026104,0 -122.16042730876111,37.62120387815334,0 -122.16112701192581,37.62227692181346,0 -122.16120869663293,37.62301208017563,0 -122.160949522792,37.623386541836645,0 -122.16059898938833,37.623697256296076,0 -122.16025866893114,37.624107191800256,0 -122.1595978924627,37.62511197065301,0 -122.15940638601715,37.62557703816505,0 -122.1594003008294,37.62599160497997,0 -122.15946478729039,37.62630302073612,0 -122.15946044932588,37.62662521041838,0 -122.15944407483488,37.626947318308154,0 -122.15945839398053,37.62756257268495,0 -122.15951966177785,37.62809704247028,0 -122.15951451173633,37.628491333044074,0 -122.15955570488198,37.62879582516431,0 -122.15963294382675,37.62904423759557,0 -122.15976651342801,37.629385436583085,0 -122.15995889393433,37.62966170925395,0 -122.16044361587849,37.63045832514649,0 -122.16067998688426,37.630854335526976,0 -122.16070820745891,37.63130519336377,0 -122.16063426263628,37.63164491999698,0 -122.16066620582946,37.63182766443811,0 -122.16074241620325,37.63210536225023,0 -122.16093581809402,37.63229150968889,0 -122.16136621442136,37.63288268124457,0 -122.16138424450745,37.633232072257016,0 -122.16134573912107,37.63350670222155,0 -122.16121156675025,37.633974433334245,0 -122.16129346615472,37.6346915680858,0 -122.16139355734198,37.634987461829525,0 -122.1613509520447,37.63550091082611,0 -122.1611735949632,37.635839900492826,0 -122.16101841728606,37.63615876510241,0 -122.1610136822662,37.63651700588458,0 -122.16108979562192,37.63680371777345,0 -122.16122482588386,37.637079578725626,0 -122.16149694085476,37.63738570950683,0 -122.16190634804549,37.63783026629251,0 -122.16219999653211,37.63823794637326,0 -122.16252855534727,37.63869093971719,0 -122.16274136354313,37.63910705881956,0 -122.16268978407615,37.63947397734953,0 -122.16266312028189,37.639766721417814,0 -122.16265798730835,37.64009792020974,0 -122.16302777250685,37.6408554004044,0 -122.16309155199373,37.64123215299121,0 -122.1629607384237,37.64152640597245,0 -122.16271387599376,37.641808573787195,0 -122.16224893944371,37.642080173825384,0 -122.16193419581931,37.642287495783435,0 -122.16166527076597,37.64251542194288,0 -122.16130098685028,37.64297025427252,0 -122.16104090391427,37.64341906257557,0 -122.16100148314464,37.64371170858644,0 -122.16106750572479,37.64395102833209,0 -122.16128153293447,37.644322094722426,0 -122.16156346559313,37.64476574506461,0 -122.16190338719834,37.64521881881376,0 -122.16210570756326,37.64556050616321,0 -122.16210180977323,37.64584439348388,0 -122.16208419650546,37.646276900310994,0 -122.16208596349162,37.6469393834697,0 -122.16214903690266,37.647379226386164,0 -122.16229241161525,37.64786019719288,0 -122.16250493594349,37.64830334985586,0 -122.16270901341312,37.64855266367558,0 -122.16296870378534,37.648960099987654,0 -122.16313786912977,37.6492271887053,0 -122.16315785933976,37.64946618270808,0 -122.16312884285779,37.649842272835684,0 -122.16305529059893,37.650145949147294,0 -122.16302677897015,37.65054007222424,0 -122.16311354185355,37.65088995132494,0 -122.16321204122613,37.651266950313385,0 -122.16343938146834,37.65152769009564,0 -122.16369888319436,37.65195314969104,0 -122.16398333383077,37.652239082956015,0 -122.1642554137674,37.6525542193585,0 -122.16469044180833,37.65280741497361,0 -122.16508790499907,37.65325187662536,0 -122.16524655825802,37.65344678089388,0 -122.16538153102779,37.65373165368085,0 -122.16559653740114,37.65401934389557,0 -122.1658016748828,37.6541762719559,0 -122.16614410997417,37.65447387463896,0 -122.16648664747346,37.654699373052004,0 -122.1669665373797,37.65506103490187,0 -122.16732072153665,37.655322666004025,0 -122.16769546184227,37.655710624725856,0 -122.16808406494933,37.65599953407575,0 -122.16829981872101,37.656221879427456,0 -122.1685029053489,37.65656355740428,0 -122.16877121954785,37.65715581167347,0 -122.16889253882357,37.65758704718572,0 -122.1692732807736,37.65839190335182,0 -122.16948741218789,37.658760698675444,0 -122.16982643817273,37.65924078362567,0 -122.17005271031807,37.65953755600297,0 -122.17043030816461,37.65979934129677,0 -122.17073929718131,37.65998628410389,0 -122.17088746979587,37.66010675380943,0 -122.17097528909801,37.6604295898383,0 -122.17105199624012,37.6607320715098,0 -122.17125623271156,37.66097235689871,0 -122.17159728888895,37.66133527677625,0 -122.17194970875468,37.66169602733921,0 -122.17220131878095,37.66188256286864,0 -122.17288795505151,37.6622659360821,0 -122.17332296871942,37.662528112830564,0 -122.17374494154434,37.66288032766565,0 -122.1743279454688,37.66328099230243,0 -122.1746127778892,37.66353986090241,0 -122.17508039680864,37.663930700786196,0 -122.17554587414449,37.6645153037822,0 -122.17568079750691,37.664746083659814,0 -122.1761916604258,37.665328748173984,0 -122.17639592654163,37.66556902579485,0 -122.176669712379,37.665803024372096,0 -122.1769434245545,37.66604378257912,0 -122.17702135789699,37.66623811070452,0 -122.17690250988655,37.66647613051688,0 -122.17675017178405,37.66666660057092,0 -122.17658720661173,37.66672855050274,0 -122.1764143087673,37.66672734734337,0 -122.17620790915267,37.66661549254929,0 -122.176081692262,37.6665582790851,0 -122.17587882931467,37.66625492233436,0 -122.1755815633124,37.66602976621113,0 -122.17530633478073,37.66592644563667,0 -122.17497057237529,37.665978177051294,0 -122.17483076577098,37.66606057078687,0 -122.17474713261804,37.666253766099366,0 -122.17480250746708,37.66643667357258,0 -122.1749498742928,37.66663148492023,0 -122.17518926184131,37.6668359551501,0 -122.17517539634491,37.66700035166208,0 -122.17497585896074,37.66722879075228,0 -122.17477957617285,37.66722741765239,0 -122.174560844486,37.667205608044085,0 -122.17428437987247,37.66714959249867,0 -122.17402979282937,37.66716583718898,0 -122.17379798885851,37.66723631755785,0 -122.17366972560559,37.66736385857567,0 -122.17365472104541,37.66756654909033,0 -122.17372050736863,37.66783289962406,0 -122.17400535685701,37.668091767992564,0 -122.1742795684958,37.66828747308014,0 -122.17450821938003,37.66843778931171,0 -122.17496412965805,37.668864599027714,0 -122.17516840385872,37.669104875867916,0 -122.1751418649303,37.66932551452822,0 -122.17501399963106,37.669417005422176,0 -122.17482815077517,37.66949682272319,0 -122.174642400734,37.66956763009919,0 -122.17446776375118,37.669658790763286,0 -122.17425850569732,37.66974069831543,0 -122.17408306831561,37.66990396065743,0 -122.17394255563549,37.67004943986151,0 -122.17375068896554,37.67054381858111,0 -122.1738599833929,37.67097721682894,0 -122.17398460667226,37.67117863252716,0 -122.17427026823765,37.67136540304575,0 -122.17453161959486,37.67163537549379,0 -122.17460822702395,37.67194911770264,0 -122.17471845120764,37.67229915117607,0 -122.17479588418851,37.672538540905606,0 -122.1749544053951,37.67275145966623,0 -122.17518257208738,37.67294683748076,0 -122.17546582437119,37.673352158308646,0 -122.17552027485382,37.67355533587166,0 -122.175517745198,37.673719807798896,0 -122.17548945994464,37.67409816266518,0 -122.17544803233868,37.67457557313375,0 -122.17545502302823,37.67490460026588,0 -122.17555401737253,37.67524553812555,0 -122.17574644728617,37.675533053248984,0 -122.17594960757589,37.67581162856632,0 -122.17614399312191,37.67598648673415,0 -122.17669308384775,37.676323809900396,0 -122.17717458173834,37.67655700385167,0 -122.17770192245455,37.67681079802175,0 -122.17817198748651,37.677052923298106,0 -122.17891628751349,37.677492991662874,0 -122.17952324411665,37.677855488779066,0 -122.179875950545,37.6782004421868,0 -122.18008066312353,37.6784046615611,0 -122.18042825364628,37.67915066488667,0 -122.18054913723914,37.67956610865875,0 -122.18061251338243,37.679990168361954,0 -122.18060636531261,37.68042050551473,0 -122.18049296738104,37.681064158094024,0 -122.18046434256452,37.68141096423864,0 -122.1805423001615,37.68160528838129,0 -122.18059809632044,37.68175213880359,0 -122.18081546256803,37.681902367330125,0 -122.18103324743058,37.68201429008264,0 -122.18142073842334,37.68235722855205,0 -122.1815665439771,37.682698486209794,0 -122.18156340975506,37.68291928919873,0 -122.1815722105499,37.68308609141496,0 -122.1816499696192,37.683298438180394,0 -122.18177542743348,37.6834277488152,0 -122.18200456161132,37.683539747468096,0 -122.18227885140352,37.68373543527394,0 -122.1824715517101,37.68400265765672,0 -122.18273196432781,37.68436498717935,0 -122.18278202474363,37.684906122534926,0 -122.1829946739377,37.68535825890884,0 -122.1832456704146,37.68561011134327,0 -122.1834634759384,37.68572202992312,0 -122.18377322223486,37.68585261098344,0 -122.18407150513002,37.68599437644297,0 -122.18443857112815,37.686134368644254,0 -122.18481814975988,37.686231630516325,0 -122.18518592363043,37.68637162369157,0 -122.18564390093196,37.686624900875934,0 -122.18613542941102,37.68698656712196,0 -122.18657163693997,37.68722166615537,0 -122.18697405074623,37.68737090684266,0 -122.18728499270033,37.687393325443026,0 -122.18784940509168,37.68750762849388,0 -122.1882401461891,37.68762298063754,0 -122.18846981666118,37.68775300030578,0 -122.18860520984248,37.687947713748486,0 -122.18864846192679,37.68814179399505,0 -122.18858906442188,37.68825855767245,0 -122.18847242357212,37.688359153628724,0 -122.18834223612791,37.68859710461702,0 -122.18842112887111,37.688708059006345,0 -122.18858092029552,37.68887590385375,0 -122.18859015048507,37.68900440361038,0 -122.18854277782856,37.68912350256748,0 -122.18837947758465,37.68921250801158,0 -122.18820542720171,37.68924736203842,0 -122.18800856949203,37.6892933276717,0 -122.18782307547072,37.68933711516956,0 -122.1874297041061,37.68939749576714,0 -122.1865385663611,37.68953556362163,0 -122.18616777235451,37.689605109277366,0 -122.18541543599903,37.68975539156378,0 -122.18497436499115,37.68989880730066,0 -122.18472041215865,37.68991508113198,0 -122.18436157652515,37.68992837003877,0 -122.18394529183259,37.690008863343046,0 -122.18348165963636,37.69014085005078,0 -122.18331959367765,37.69024563042942,0 -122.1834615670184,37.69035702735112,0 -122.18371493325104,37.690588615433434,0 -122.18401576736157,37.690822785333005,0 -122.183979116098,37.690932943078124,0 -122.18382791346599,37.6909521759717,0 -122.18290242144958,37.69098858168731,0 -122.18308062833732,37.691415684638926,0 -122.18355045980734,37.69143020518047,0 -122.18394134912683,37.69140361652916,0 -122.18435106174474,37.69134110714395,0 -122.18463385229451,37.69121688010501,0 -122.18508247454064,37.69090226683,0 -122.18563118707576,37.69057482620054,0 -122.18592345575007,37.690425874172,0 -122.18608438084838,37.69016560512968,0 -122.18648696533455,37.68991150477071,0 -122.18686949133873,37.689805986041165,0 -122.18741283913495,37.689773680021545,0 -122.18803596541325,37.68977121189396,0 -122.18854347492123,37.68984005143914,0 -122.18910820801112,37.689927308717685,0 -122.18981929193212,37.69031074746571,0 -122.19018645854159,37.69044395915851,0 -122.19051952959444,37.6905836998473,0 -122.19087486988316,37.69076189194644,0 -122.19149462927575,37.69107033773881,0 -122.1920909740805,37.69131552573721,0 -122.19239905400212,37.69160380458483,0 -122.19274098154536,37.69190808487348,0 -122.19303850177083,37.69212418380517,0 -122.19333753835248,37.69220059093327,0 -122.19384516733638,37.69226039341704,0 -122.19401160180236,37.69234039442012,0 -122.1941633012027,37.6926028132262,0 -122.19410053411714,37.692769129487985,0 -122.1940435899113,37.692921962239716,0 -122.19383108444768,37.693233715083586,0 -122.1935638742782,37.69336032784966,0 -122.19328612597215,37.69341250502147,0 -122.19301913409329,37.693518836784946,0 -122.19282038632825,37.693672952459174,0 -122.19266739604885,37.69385667447818,0 -122.19253750504866,37.69406759363566,0 -122.19230262704289,37.69428455418882,0 -122.19195489548461,37.69438357034334,0 -122.19172162905649,37.69458251210543,0 -122.19139569332197,37.69476279435299,0 -122.191094447783,37.69482382306352,0 -122.19093617540969,37.69477541564349,0 -122.19081798855935,37.69482192517994,0 -122.19070857914767,37.69484370747853,0 -122.19042669140474,37.694884580902475,0 -122.19019606602355,37.69490553223753,0 -122.1899098789437,37.69488554050572,0 -122.18965392646139,37.694888286392654,0 -122.18953752995337,37.694770317654566,0 -122.18953853606648,37.69467793964669,0 -122.18935759380871,37.694302649607415,0 -122.18938610813247,37.69396259972299,0 -122.18947990841777,37.693681584053415,0 -122.18940553330218,37.693545873922396,0 -122.18921713233256,37.69333502578569,0 -122.18900333059999,37.693243422930074,0 -122.18884423806486,37.693075584413634,0 -122.18866192407964,37.69289181567665,0 -122.18847060268706,37.692559264366174,0 -122.18832385839384,37.692299129341414,0 -122.18825709290697,37.692116154114345,0 -122.18826231750865,37.691766929962036,0 -122.18829211732157,37.69163418909489,0 -122.18820112427149,37.69152765985609,0 -122.18805210724058,37.69134636957523,0 -122.18790479970367,37.691203399498974,0 -122.1875432098355,37.691013885262734,0 -122.18723548744335,37.690890088454125,0 -122.18695486991827,37.69081604997041,0 -122.18671882859422,37.69081441855536,0 -122.18660944613195,37.69083394435235,0 -122.18636132336565,37.690965178929,0 -122.1861067911198,37.6910986176302,0 -122.18575875682927,37.69135534335967,0 -122.1855653971593,37.691599616975125,0 -122.1855457554956,37.691709892988634,0 -122.18554434783556,37.69190366341265,0 -122.18576807146044,37.692189125035355,0 -122.18631608151298,37.69276974933825,0 -122.18698064078714,37.69345482364288,0 -122.1877156189964,37.694379227220544,0 -122.18775948552836,37.69451698227932,0 -122.1877560961848,37.69482791026588,0 -122.18768649381828,37.69496938774757,0 -122.18763503113226,37.69507268422901,0 -122.18748821587214,37.69520912299334,0 -122.18692082646395,37.69555672592335,0 -122.18673745695826,37.695728963708,0 -122.18692048151088,37.695912741762015,0 -122.18704320575175,37.69603526566108,0 -122.18812825024068,37.69567545610899,0 -122.1888947045192,37.695405829168365,0 -122.1890215214845,37.6954134625806,0 -122.18918007592876,37.695630869138384,0 -122.18954960600574,37.69613588945153,0 -122.18975818583155,37.69618689468558,0 -122.19042372965927,37.696004445097685,0 -122.19111631008207,37.69581316255697,0 -122.19125334268875,37.695728476803694,0 -122.19159091789443,37.69558658210306,0 -122.19181743977141,37.695617429140164,0 -122.19210020876163,37.69556077896636,0 -122.19228072611627,37.695649893256956,0 -122.1922612209965,37.695748908298995,0 -122.19215999703366,37.69586538349443,0 -122.19201357613392,37.69596577579239,0 -122.19154021697979,37.69607744915412,0 -122.1908940093886,37.69617666904776,0 -122.19049698098246,37.69630914162905,0 -122.19012769973882,37.696432789362525,0 -122.18909767975596,37.69675243650976,0 -122.18901544527989,37.696817215889105,0 -122.18916857210324,37.6977939407053,0 -122.18920340158343,37.69791585945801,0 -122.18928989587057,37.69830627020767,0 -122.18933352165404,37.69846655476693,0 -122.18947791685282,37.6985531700091,0 -122.1895871600762,37.6985471603465,0 -122.19146099096163,37.69834596466443,0 -122.19159360475544,37.6983423702294,0 -122.191843258251,37.69833281231518,0 -122.1927695255135,37.6982985987109,0 -122.19290685636088,37.69825221787509,0 -122.19296261479057,37.69814444147477,0 -122.19324617250157,37.697950347603005,0 -122.19335583254326,37.697906032100086,0 -122.19338476997352,37.69772146219127,0 -122.1933976823574,37.696529561491225,0 -122.1933807428261,37.69639199569113,0 -122.1932465920148,37.69621081468319,0 -122.19318379079328,37.69611800203554,0 -122.19308830616681,37.69570499450906,0 -122.19303536126057,37.69561900713882,0 -122.19294814203305,37.695228593611255,0 -122.1929587008309,37.69510473631157,0 -122.1930699913148,37.69497480630097,0 -122.19322037288661,37.69496682383273,0 -122.19337927947049,37.694956641386376,0 -122.19357730229508,37.695131500628634,0 -122.19377204626892,37.69528154994157,0 -122.19430572729436,37.695098175487665,0 -122.19473360833891,37.695585553560264,0 -122.19471458741108,37.698523707375905,0 -122.1946085772244,37.69868972462284,0 -122.19402444771092,37.69914315231425,0 -122.19367661913459,37.69924892998383,0 -122.1929840863225,37.699302779018886,0 -122.19187290535034,37.69938980411148,0 -122.19195036797561,37.7004831804699,0 -122.1922388978617,37.70048515852488,0 -122.19221122525937,37.699637731634056,0 -122.19306429330094,37.69955569361215,0 -122.19341840828764,37.69952431868795,0 -122.19315572652552,37.70014668220317,0 -122.19311971845565,37.70026360609042,0 -122.19307122021009,37.70042100355839,0 -122.19311429532628,37.70063310878369,0 -122.19318118208572,37.70080706689833,0 -122.19354701469697,37.70106869593849,0 -122.19404067936976,37.70131091971853,0 -122.19438283059351,37.7015994283691,0 -122.19444950175725,37.70179366336628,0 -122.19449299459006,37.70196746452485,0 -122.19458396069068,37.70207849628029,0 -122.19470776470651,37.7023001648282,0 -122.19493626647036,37.70247747943055,0 -122.1952458861044,37.702628312751074,0 -122.19554467654771,37.702731749238744,0 -122.19593623601038,37.702844828204775,0 -122.19638561373966,37.70292225130453,0 -122.19703156620933,37.70298298473826,0 -122.19762125539614,37.70293517398124,0 -122.19811691522716,37.70299487683212,0 -122.19876277247543,37.703064611713884,0 -122.19916388192789,37.703279147912845,0 -122.19949802916243,37.70339182732108,0 -122.19993524280446,37.70348041833733,0 -122.20025733644455,37.70359301357301,0 -122.20040574082444,37.70370443308584,0 -122.20070345149276,37.70390924463743,0 -122.20108028397465,37.704206979794805,0 -122.20137610368927,37.70452219048189,0 -122.20185369839999,37.70507747984554,0 -122.20212673324575,37.7053361997736,0 -122.20279271634962,37.70564715274566,0 -122.20324042231417,37.70581692365808,0 -122.20395300642176,37.706080861169205,0 -122.20496373508388,37.706511299940544,0 -122.20577955987208,37.70680296448159,0 -122.20691729145076,37.707227481069715,0 -122.20733215590685,37.707286602665455,0 -122.20763324963055,37.70724356134106,0 -122.20788824361047,37.707134861310955,0 -122.20805175136522,37.707027803551,0 -122.20850807307167,37.7065892245218,0 -122.20923240265155,37.70601724407855,0 -122.20943192566267,37.70572340379491,0 -122.2099482952543,37.70496976311869,0 -122.21042113428388,37.70437580660794,0 -122.21069192244313,37.70404638639762,0 -122.21085826348428,37.70367120419368,0 -122.21086672112268,37.70307413774554,0 -122.21082897211781,37.70295671437683,0 -122.21083253214128,37.702621002048296,0 -122.2107953293121,37.70225121146101,0 -122.21077094544204,37.702009948132314,0 -122.21077452972001,37.701671979142255,0 -122.2108616079121,37.701483285575165,0 -122.21108494436307,37.701281984140664,0 -122.21299339901454,37.69955069474932,0 -122.21314439862725,37.69955170191395,0 -122.21340151802113,37.69930555672705,0 -122.21377369992483,37.69930803804203,0 -122.21395196430474,37.699345279790535,0 -122.21496809274007,37.69953005817769,0 -122.21541477642182,37.699593873455406,0 -122.21599494885649,37.69970588820854,0 -122.21618430024368,37.69976798255978,0 -122.21687363684998,37.700218716960464,0 -122.21754965772881,37.70065583468829,0 -122.21781725147895,37.70082885952144,0 -122.2189148391442,37.70156395042098,0 -122.21904636867147,37.70152876741862,0 -122.21963440675478,37.701433517143904,0 -122.22000912909407,37.701330090216736,0 -122.22036645465958,37.70139780243506,0 -122.22058426557327,37.7015186661887,0 -122.22073201238635,37.701695397000826,0 -122.22081087099357,37.70181534340068,0 -122.2209340929011,37.70210007104074,0 -122.22093203755574,37.7022284938637,0 -122.22094215528077,37.702345732881355,0 -122.22086507623615,37.70266518822056,0 -122.22076485838642,37.70282450882991,0 -122.22270843536883,37.70422986949258,0 -122.22305875766835,37.70422316590921,0 -122.22378547137704,37.70429329693181,0 -122.22400317898445,37.70442542238987,0 -122.22434586290915,37.70467553915598,0 -122.22441233105366,37.70489679624776,0 -122.22431948657577,37.70536937745843,0 -122.22472421354387,37.70565370055388,0 -122.22571807004837,37.70635424232994,0 -122.22608690752425,37.70661353702556,0 -122.22889904579195,37.708587815911,0 -122.23096996884735,37.71005020462142,0 -122.23116636482297,37.71018893473789,0 -122.23261928379382,37.711216885468566,0 -122.23430720743289,37.71242660618485,0 -122.23693324172318,37.71426654109305,0 -122.23964939500277,37.716183606477095,0 -122.24181621411307,37.71774106264398,0 -122.24197390347973,37.71785474190258,0 -122.24215252089756,37.71800235193218,0 -122.2426519644326,37.71839988786332,0 -122.24357852095262,37.71905703450563,0 -122.24417373657505,37.71945292404426,0 -122.24446957066272,37.719650853453295,0 -122.2454614005679,37.7203084061054,0 -122.24740088931746,37.72157813452504,0 -122.24820769771519,37.72209252508443,0 -122.24840148049165,37.722215436304104,0 -122.24882892495496,37.72251559692516,0 -122.24922370577626,37.72282005231137,0 -122.24969846989548,37.72321063670151,0 -122.25023784354488,37.72366472510352,0 -122.25054384835822,37.7239122815204,0 -122.25074491916658,37.72408705966381,0 -122.25083186979788,37.72432645915011,0 -122.25084345896337,37.72451355838209,0 -122.25087044165954,37.7249328385116,0 -122.25077171770813,37.72508768750322,0 -122.25065359373986,37.72519734811826,0 -122.2511425530372,37.725729977499284,0 -122.25123845717694,37.726066326210095,0 -122.25121248418712,37.726250927134295,0 -122.25111765263584,37.726441854020656,0 -122.25089633380101,37.72658691182806,0 -122.25062936887159,37.726686611684336,0 -122.25035153432725,37.7267389273932,0 -122.25007178547307,37.72691064793602,0 -122.24984004438426,37.72696325337459,0 -122.2494115875196,37.72704164172505,0 -122.24922592281837,37.7270967928219,0 -122.24902884142818,37.72715862833452,0 -122.24890025568011,37.727250194249805,0 -122.2488184955145,37.72733980473942,0 -122.24863045656598,37.72755942820727,0 -122.24846611876788,37.72774990907755,0 -122.24835320502825,37.727904664787744,0 -122.24858914214776,37.727998554535574,0 -122.24889744574989,37.728230353266405,0 -122.24897583274159,37.72840435743701,0 -122.24890414358866,37.72855036204199,0 -122.24848372035758,37.72888567483669,0 -122.24838958679727,37.729076603456484,0 -122.24879796721365,37.72937213303045,0 -122.24957495873045,37.72933652272883,0 -122.24978155238115,37.72945726276147,0 -122.24985034895887,37.729527551785615,0 -122.25027039399923,37.73000341321091,0 -122.25078758734594,37.730200482457086,0 -122.25098194504417,37.730339166316504,0 -122.25106004637162,37.730542459143095,0 -122.25100894031678,37.730898154883285,0 -122.2509637433799,37.731019542450404,0 -122.25082310224072,37.731180883771266,0 -122.25210716039602,37.73235173190275,0 -122.25262330001894,37.73279664558722,0 -122.25335855401102,37.73338941303964,0 -122.25368993982437,37.73365739777998,0 -122.2542506978691,37.73418145452993,0 -122.25468710302741,37.73458755390212,0 -122.25594331610387,37.735717619476624,0 -122.25700320057835,37.735629669445636,0 -122.25777956956266,37.73587566058671,0 -122.25805559130674,37.73600808777983,0 -122.2582481685441,37.73625716159872,0 -122.25847487098245,37.73656953919297,0 -122.25854066898376,37.73679978796379,0 -122.25868756509227,37.73707786597954,0 -122.2591544761393,37.737558494027745,0 -122.25938380435322,37.73767936060383,0 -122.259636450137,37.73780938482078,0 -122.26030020811393,37.73825519420442,0 -122.26043677180003,37.7384318075586,0 -122.2605598499771,37.738680441301796,0 -122.26069507966503,37.738920136022266,0 -122.26077249827287,37.73919552008061,0 -122.26076825373313,37.73947940789811,0 -122.26061167737912,37.73988852434352,0 -122.26099629106803,37.740159075616056,0 -122.26105951988761,37.740292412249886,0 -122.26107044160483,37.74054935544374,0 -122.26101570635625,37.74084644751932,0 -122.26106444085873,37.74115319735079,0 -122.26101021854818,37.74139846545035,0 -122.26099326105057,37.741819719277395,0 -122.26109396399055,37.742036665054016,0 -122.26110460273843,37.742250793605955,0 -122.26107252569629,37.74290855050471,0 -122.26103107114088,37.74315389589935,0 -122.26096488416906,37.7433179719186,0 -122.26083486740472,37.743409539161625,0 -122.2604389385365,37.743632383994715,0 -122.25924476670684,37.74422876274037,0 -122.25840017247333,37.74469663852003,0 -122.25773801349763,37.745010183811935,0 -122.25749742669824,37.745161891626765,0 -122.25721172470864,37.745356126075315,0 -122.25691308069074,37.745496199368475,0 -122.25615977595136,37.745912812033644,0 -122.25518462057448,37.746521795535976,0 -122.25507973507854,37.746581971142795,0 -122.25505574646716,37.7467102564856,0 -122.25491124257226,37.74725463386752,0 -122.25480349773878,37.747528853970515,0 -122.25463957855561,37.74767428173673,0 -122.25423477972227,37.74771678388466,0 -122.25388627561284,37.74780471032111,0 -122.25339660754477,37.74810354762128,0 -122.2528731008382,37.7483097848936,0 -122.25241051068771,37.7483136113052,0 -122.25190270383737,37.74829912179785,0 -122.25172944756515,37.74824394458589,0 -122.25149415543603,37.74821991637139,0 -122.25131413125649,37.74820300328246,0 -122.25111925523031,37.748181484565805,0 -122.25079178337664,37.74836416935698,0 -122.25042114208368,37.748395612387704,0 -122.25006289933826,37.74839333444293,0 -122.24958923475693,37.74837003860062,0 -122.24898858612367,37.74834593513486,0 -122.24798269668597,37.748337268710294,0 -122.24757708936886,37.74838875653386,0 -122.24697541306294,37.74846603117536,0 -122.24617776298955,37.74842037641974,0 -122.24560080023541,37.74836936310135,0 -122.2448262647126,37.74835313904175,0 -122.24439795517165,37.74840446987717,0 -122.2440509952662,37.748409006587636,0 -122.24377426564966,37.748344136644064,0 -122.24324295707486,37.7483384776485,0 -122.24281464573728,37.74838980494252,0 -122.24246778015494,37.748385320083045,0 -122.24171674455995,37.74836021012112,0 -122.2413226644246,37.748393730082256,0 -122.24076737262837,37.74844423196533,0 -122.24021228654632,37.74847445253029,0 -122.23963508214534,37.7483783463178,0 -122.23894270204686,37.748306278829226,0 -122.23863114923833,37.748247935081395,0 -122.23827272233828,37.74826364348249,0 -122.23799488959057,37.74830691455203,0 -122.23753700032394,37.748475201900106,0 -122.23721584093177,37.748592547441405,0 -122.23694696079421,37.74880036234797,0 -122.23679617767546,37.74883769144708,0 -122.23662301482803,37.74884332838512,0 -122.23612206571659,37.74885134908815,0 -122.23612583325087,37.74876124185241,0 -122.23615390021362,37.74810121639455,0 -122.23614529075992,37.74776542308666,0 -122.23607441548064,37.74762075269149,0 -122.23596307379276,37.74754792869319,0 -122.23591168297197,37.74771659139051,0 -122.2359142692217,37.747878841745425,0 -122.23570907065458,37.74810283944548,0 -122.23536430982494,37.74810060197919,0 -122.234438679468,37.74808332944768,0 -122.23424939545448,37.74820828369543,0 -122.23288555163056,37.74858246683422,0 -122.23233093357076,37.74877264075266,0 -122.2319496301737,37.74901125368199,0 -122.23184534654901,37.74928547224798,0 -122.2316370559807,37.74953197345901,0 -122.23146358680775,37.74970434432754,0 -122.23110513116161,37.74985973673763,0 -122.23068874406113,37.74992236296945,0 -122.23026169485651,37.7499871732859,0 -122.22953342346916,37.75016042456026,0 -122.22885127428344,37.75046916862346,0 -122.2282392125545,37.750586839153605,0 -122.2269565782289,37.75078573230287,0 -122.22645981257172,37.75086809573,0 -122.22595165088686,37.75102248846496,0 -122.22574335313205,37.75113152895231,0 -122.22547724429708,37.75134159043325,0 -122.22523384846582,37.75141434606332,0 -122.22495712693411,37.75134943400685,0 -122.22466819909434,37.75123036686488,0 -122.22449525633418,37.751010660192605,0 -122.22420852397694,37.75034180819549,0 -122.22396770092061,37.749761132100524,0 -122.22364628461027,37.748542247385494,0 -122.22294381553283,37.747672362476784,0 -122.22235544507288,37.747222334422226,0 -122.22137415599923,37.74642495799642,0 -122.22073953398022,37.74605798725795,0 -122.21911338568661,37.744792154250064,0 -122.21644900950335,37.742627108108486,0 -122.21534243868527,37.74174772922564,0 -122.21463831041949,37.74125182624361,0 -122.2142239166806,37.7407939059323,0 -122.21390101006519,37.740271244292984,0 -122.21340631592305,37.73949282076106,0 -122.21233530850874,37.73754109258333,0 -122.21187543935523,37.73662544476061,0 -122.21164632494032,37.73575640088953,0 -122.21116362779883,37.734520630758965,0 -122.2105890177324,37.73299131957135,0 -122.21018653475585,37.73222025800014,0 -122.20993350359483,37.73133527991963,0 -122.20974187947,37.7312799152865,0 -122.209604911542,37.731220410710705,0 -122.2095393974083,37.73111181264075,0 -122.20960975705464,37.73089822664093,0 -122.20913904613396,37.73060890062771,0 -122.2087995548218,37.730385803446524,0 -122.20858417564759,37.73049702139469,0 -122.20830991190651,37.73040955468074,0 -122.20810622610234,37.73055465018697,0 -122.20807551719437,37.73070766932221,0 -122.20806457032432,37.73086982836549,0 -122.20818761616205,37.73103739728683,0 -122.2082155429876,37.731145743249286,0 -122.20821438955079,37.731253890122076,0 -122.20807787437367,37.73135212013239,0 -122.20770411502836,37.731216662987975,0 -122.20738650937146,37.73146915179661,0 -122.20764963939291,37.73153626312941,0 -122.20775635924865,37.731505433173545,0 -122.20782436261398,37.73158024875953,0 -122.20832547252387,37.73174585164109,0 -122.20845900170096,37.73186166423969,0 -122.20860600740394,37.73244399545983,0 -122.20870617135475,37.73262943729555,0 -122.20895484029674,37.73318991614783,0 -122.20929225111075,37.734010122408215,0 -122.20967998105536,37.734968106729795,0 -122.2098299071813,37.73521021543528,0 -122.20999131108168,37.735373531852815,0 -122.21011184522987,37.735511786871264,0 -122.210151256118,37.735674288475394,0 -122.21015817045078,37.73595824662987,0 -122.21018661111265,37.73615221821964,0 -122.21018507858679,37.73629641728953,0 -122.21027449239858,37.73649305277187,0 -122.21048673016423,37.73667924177031,0 -122.2105879074147,37.73677004855609,0 -122.21075307974766,37.73711365371336,0 -122.21083703270087,37.737289970708076,0 -122.21106741194369,37.73763851646548,0 -122.21108668889137,37.73776032277804,0 -122.21108516265369,37.73790452084701,0 -122.21104280439309,37.73801915732999,0 -122.21104117664582,37.73837290688736,0 -122.21097474982382,37.7386834157347,0 -122.21087656396324,37.73904553410776,0 -122.21088754946088,37.73948048840052,0 -122.21097830176244,37.7398190876729,0 -122.21100278354888,37.739918394630116,0 -122.21109537560015,37.74008350432586,0 -122.21127964252281,37.74036639562533,0 -122.21164811887593,37.740670798936264,0 -122.21177493404461,37.740953307230214,0 -122.21219007518181,37.74113859491294,0 -122.2129867038707,37.74140529779914,0 -122.21349468140092,37.741532618908074,0 -122.21419855274856,37.74191811854423,0 -122.21433657080712,37.74214887066616,0 -122.21448653017073,37.742323370637976,0 -122.21471733880826,37.742433065399275,0 -122.21516772175238,37.74230537716105,0 -122.2155135991879,37.74253525930526,0 -122.2183509280128,37.7448456881825,0 -122.2226424711792,37.7482674926262,0 -122.22303399381096,37.748614823930616,0 -122.22326444402069,37.74910079592704,0 -122.2234110571599,37.75082100910997,0 -122.2234017838512,37.751843931182535,0 -122.22292211852375,37.75232522120589,0 -122.22270264932008,37.7524161586636,0 -122.22214778781685,37.752489108559786,0 -122.22176652035238,37.75251588482148,0 -122.22141996468882,37.752479796279566,0 -122.22108502693682,37.752486594933195,0 -122.22075024728832,37.75247762215924,0 -122.22031139691583,37.7523124854214,0 -122.21950396239237,37.751980416699226,0 -122.21901910300598,37.75180595796345,0 -122.21856855297523,37.75174213296643,0 -122.21806016221996,37.75171397352504,0 -122.21717148136725,37.7516201983741,0 -122.21672063219752,37.75151805749817,0 -122.21645569656235,37.751345047344806,0 -122.21635172914463,37.75117986688321,0 -122.21617888519914,37.75088579306925,0 -122.21607581968993,37.750702594576936,0 -122.21583292422027,37.75059281902506,0 -122.21555611734861,37.750536902697725,0 -122.21527826393967,37.750647715344726,0 -122.21534777467804,37.750783373459704,0 -122.21549706389847,37.7510232150801,0 -122.21563606022238,37.751096242349355,0 -122.2160510845786,37.75150008614428,0 -122.21595812242143,37.75163691393645,0 -122.21576194293976,37.751671665446395,0 -122.21558839830836,37.75164572273944,0 -122.21536914559866,37.75158117028426,0 -122.21496515165583,37.751341891590144,0 -122.21474681612602,37.75105652146175,0 -122.21464282804705,37.75089359549498,0 -122.2145623524723,37.75065421229676,0 -122.21458617759026,37.75048086913132,0 -122.21486373994507,37.75019655543002,0 -122.21514123492622,37.7498513972237,0 -122.21526944517852,37.749466943263144,0 -122.21522354216582,37.7492458157356,0 -122.21498190613418,37.74881608696866,0 -122.21464744628592,37.74857726600177,0 -122.21412785084411,37.74820201169559,0 -122.21399364793055,37.748079441937804,0 -122.21369005509376,37.74780702308912,0 -122.21328604587957,37.747504642973574,0 -122.21303277217342,37.74703652567961,0 -122.21286029294392,37.74664330665443,0 -122.2126185284532,37.74629468893421,0 -122.21222632130521,37.7460847672674,0 -122.21168380894217,37.745799480573574,0 -122.21108459581676,37.74517582200444,0 -122.21091216868955,37.74484568889285,0 -122.21069255934867,37.744616637919016,0 -122.21039364134461,37.74424059422774,0 -122.21008245504869,37.743884745220925,0 -122.20976504522456,37.74338014124716,0 -122.20937974073118,37.742857049633855,0 -122.20902707472706,37.74260006685634,0 -122.20878809860696,37.74279224230777,0 -122.20865070757249,37.74290398362205,0 -122.20837406868577,37.742902125329046,0 -122.20809162578405,37.74297909314286,0 -122.20792797340052,37.74302531101536,0 -122.20796619761417,37.74323286948958,0 -122.20789916353104,37.74339915879027,0 -122.20762415957817,37.743509975732216,0 -122.20749044444982,37.74367581902136,0 -122.20769831909814,37.74400619105503,0 -122.20808470067152,37.744427898156445,0 -122.21230221816694,37.74903029534884,0 -122.21255539665167,37.74930688836108,0 -122.21262457591169,37.74940649156687,0 -122.21248863745299,37.7495813359664,0 -122.21221446264512,37.74974624582399,0 -122.2120663915402,37.74992777182203,0 -122.21201488753172,37.750168528934324,0 -122.21215431594528,37.75033394746828,0 -122.21208432820148,37.750443891741554,0 -122.21120122768333,37.7509629926548,0 -122.21105273706519,37.751049878937984,0 -122.21045667073822,37.75139514448774,0 -122.2106043699406,37.751583154077736,0 -122.21084813048788,37.75154422398614,0 -122.21112389980537,37.75176463934575,0 -122.2111240902482,37.75214769705652,0 -122.21105712982694,37.7526407122603,0 -122.21133238620641,37.752642558234314,0 -122.21153885139806,37.75264168461059,0 -122.21174550972748,37.75242224492702,0 -122.21194978752139,37.75209238137073,0 -122.21201902786687,37.75165120391387,0 -122.2121561574916,37.75143130103475,0 -122.21229480257426,37.75187161682401,0 -122.21229510979809,37.752311005226325,0 -122.21264024522517,37.75274819062733,0 -122.2134000286144,37.753625280343975,0 -122.21367608808771,37.75395384370007,0 -122.21388202776492,37.754338275058686,0 -122.21388230175108,37.754446431375335,0 -122.21402148941617,37.75450144060598,0 -122.21422761504462,37.75466729974797,0 -122.21422729524438,37.754831788461,0 -122.2142968913227,37.75516122999658,0 -122.21441293030122,37.75519129369643,0 -122.21453046138139,37.75521461011896,0 -122.21479805782644,37.755270474615166,0 -122.21491798112024,37.75526901649665,0 -122.21520906042514,37.755385871854365,0 -122.21538287455112,37.75538703096085,0 -122.2154216054146,37.75548192493095,0 -122.21551234873306,37.75575742776713,0 -122.2155641087614,37.755895222834845,0 -122.21552280602127,37.75604366258159,0 -122.2158673323906,37.756205934450996,0 -122.21644090759781,37.75617820497669,0 -122.2165995375006,37.75627389906955,0 -122.21665186706085,37.75635761860391,0 -122.21667737831659,37.75649523641765,0 -122.21667635783044,37.75659211901751,0 -122.2166219369922,37.75670667471027,0 -122.2165408631395,37.75679175809395,0 -122.2160182583415,37.757031637766175,0 -122.21583076287371,37.75711601339676,0 -122.21556338292264,37.75724041759643,0 -122.21573293633926,37.75737673975133,0 -122.21568024116469,37.75746201483319,0 -122.21581673657886,37.75757107850043,0 -122.21623134681171,37.75768199708796,0 -122.21664456196095,37.75779064708647,0 -122.21698974679539,37.758227820704796,0 -122.21699124518528,37.75855680607981,0 -122.21706085563667,37.758886243811574,0 -122.21713018671197,37.759107524340045,0 -122.21726727950578,37.7591602595937,0 -122.21733706602694,37.75927113460686,0 -122.21754303714519,37.759655556090685,0 -122.21754544732511,37.75976372807034,0 -122.21747544071671,37.759875928110716,0 -122.21726909410266,37.75993088785187,0 -122.2169243727989,37.75998718271446,0 -122.21665016924494,37.76015210630961,0 -122.21552623578901,37.7608251136859,0 -122.21527342741018,37.760978904713426,0 -122.21506721554346,37.761087939049474,0 -122.21499722959629,37.76119788509723,0 -122.21506717601758,37.76136058668223,0 -122.21527350286868,37.761307881404356,0 -122.21575523072798,37.760977604368094,0 -122.21637462270965,37.76064599070682,0 -122.2169931559019,37.76026028537522,0 -122.21726963129521,37.7601494594274,0 -122.21754481850438,37.760092700223005,0 -122.2175450547613,37.760205365649405,0 -122.21754533413736,37.76031352404165,0 -122.2173391016094,37.76042481704763,0 -122.21727124556777,37.76053477970517,0 -122.21727152494384,37.76064293761569,0 -122.21740800329,37.7607542535622,0 -122.21754722778599,37.76080700326596,0 -122.2176916840702,37.76076740548239,0 -122.21790073461322,37.760590783641696,0 -122.21782078455293,37.76036717813032,0 -122.21795816570595,37.76025767897771,0 -122.21802744018743,37.760147731532456,0 -122.2182839487269,37.76011338029056,0 -122.2184201944094,37.76011203163698,0 -122.21859690739886,37.760108693737074,0 -122.21877366440575,37.76016845419607,0 -122.21899146274298,37.760036955129515,0 -122.21926707844857,37.75987203766937,0 -122.21988644527741,37.75954040413765,0 -122.22030613009333,37.759304336427384,0 -122.22049234815677,37.75927402369851,0 -122.22057519079225,37.75915514685946,0 -122.22062603723397,37.75904281717932,0 -122.22079898628238,37.758924539379926,0 -122.22112028671003,37.758800483171534,0 -122.22143009499028,37.75875746254881,0 -122.22164854101287,37.75863046864961,0 -122.22180845999806,37.75860448790085,0 -122.22192329882736,37.7586142582032,0 -122.22218370875011,37.758816515315964,0 -122.22235349213547,37.75900014966803,0 -122.22255707193841,37.75920879539654,0 -122.22275174674193,37.759590882078385,0 -122.2230572673633,37.760025522454995,0 -122.22359653590985,37.76009216828951,0 -122.2243521493195,37.760097145312365,0 -122.22457528724281,37.76013241412893,0 -122.22464228718998,37.75969571907486,0 -122.22471019353723,37.759035958760975,0 -122.22457090705748,37.75837708884547,0 -122.22456869540528,37.75777319926343,0 -122.22477565556864,37.75711435432233,0 -122.22470432933507,37.756674499418665,0 -122.22480739304761,37.756316909772885,0 -122.22491060228724,37.756013393971365,0 -122.22500686575309,37.75589911277504,0 -122.22476497100664,37.75562262182002,0 -122.22467298980976,37.75539443659977,0 -122.2245467980719,37.75490915438744,0 -122.22459556401543,37.753363734627776,0 -122.22459631770195,37.75295138995684,0 -122.22480426601211,37.752740950214616,0 -122.22502401189692,37.75262297414548,0 -122.22528969942196,37.7523858736537,0 -122.22549844363951,37.752166424688205,0 -122.22593867921414,37.75179076739187,0 -122.22637834076535,37.75133398764229,0 -122.22684096325521,37.75098776648188,0 -122.22741885576569,37.75081354761139,0 -122.22814654234979,37.75083409247836,0 -122.22905917138965,37.75080851598258,0 -122.22979861422588,37.750653369191745,0 -122.23101184471264,37.750372873224634,0 -122.23210940183519,37.75030116495218,0 -122.23267701941546,37.75029584917425,0 -122.23295062738639,37.75011286301786,0 -122.2332399343152,37.74992096369954,0 -122.23340359747849,37.74994230717928,0 -122.23390594975841,37.75034890962709,0 -122.23428624255081,37.750621772989014,0 -122.23470899780834,37.750836328441416,0 -122.2348993418339,37.75088488035942,0 -122.23496855972147,37.750777173416495,0 -122.23503609955611,37.7505567906296,0 -122.23524285400528,37.750389135907064,0 -122.23542703289303,37.75034751888871,0 -122.23542976646645,37.7500816529809,0 -122.23568007483387,37.74988724057705,0 -122.2358672630778,37.74989747016734,0 -122.23637611377048,37.74988048643286,0 -122.23661845138636,37.74990909476462,0 -122.2368029869053,37.74990127731901,0 -122.23695809181888,37.749927067925455,0 -122.23724563804977,37.750043845775174,0 -122.23743883512465,37.74995271220333,0 -122.2376596940221,37.74986175751226,0 -122.23810026646498,37.749792502088034,0 -122.23849352643849,37.74977025791644,0 -122.23867971845081,37.74967006352734,0 -122.23892534569724,37.74951617369936,0 -122.2390488586589,37.74937050734234,0 -122.23923232248772,37.7490517278727,0 -122.23938473784534,37.74892427337657,0 -122.23973245952214,37.74884540103946,0 -122.24021729285741,37.74888683493507,0 -122.24082963216577,37.748947110901824,0 -122.24138416937718,37.74897095988498,0 -122.24215990774414,37.74887004772156,0 -122.24306170579663,37.74886006943528,0 -122.24345626653066,37.748779233759834,0 -122.24369922488242,37.74874699180401,0 -122.24402270552127,37.74874906730221,0 -122.2442641933309,37.748861026208665,0 -122.24457584405577,37.74891034441471,0 -122.24506095676709,37.748924718023666,0 -122.24560499267282,37.74886511043043,0 -122.24597575254343,37.74882241787133,0 -122.24642765633529,37.74875320338211,0 -122.24682111573479,37.74871065423923,0 -122.24705246964972,37.74870311652564,0 -122.24777980050095,37.7487573344897,0 -122.24826436703655,37.74882576977618,0 -122.24874856436458,37.74893025622357,0 -122.24911750155347,37.74899795192979,0 -122.24954524156253,37.749002928988745,0 -122.24996247487603,37.74892446799848,0 -122.25032215582421,37.74885465198098,0 -122.25062366546783,37.7487844658313,0 -122.25091247832326,37.74877728540622,0 -122.25123484864444,37.74888974503089,0 -122.25126787969744,37.74899135325967,0 -122.25126667505664,37.74911076778824,0 -122.25117119761667,37.74929267677373,0 -122.25110038162619,37.74942066335592,0 -122.25101759648288,37.74953956151898,0 -122.2510135899967,37.74979640726522,0 -122.25112730772852,37.74991655493378,0 -122.25128860023777,37.749962642752905,0 -122.25154316122972,37.749975528102524,0 -122.25193434968818,37.75008842202282,0 -122.25220954408391,37.750236631922355,0 -122.2524275247792,37.75035969175534,0 -122.25279547651616,37.750526512671804,0 -122.2532105323134,37.75059448747941,0 -122.25361314464735,37.75070068960115,0 -122.25392283345167,37.75087615385842,0 -122.25422106154959,37.75106281026631,0 -122.25444824458663,37.75133013297583,0 -122.2547532657447,37.75183003544273,0 -122.25498199927392,37.75201399681396,0 -122.25537273138823,37.752174194306555,0 -122.25616518650432,37.752530710168394,0 -122.25716223741794,37.753145378098765,0 -122.25765965615032,37.753919132325805,0 -122.25799893366347,37.75447332198846,0 -122.25868460783836,37.75501166416866,0 -122.25907256236181,37.75538138315748,0 -122.25943826920891,37.75570590174651,0 -122.26079393836373,37.756295757052555,0 -122.26139194954334,37.75652032657362,0 -122.26192024067706,37.75676473409123,0 -122.26253986622072,37.75709984452152,0 -122.26323875281682,37.75752783273441,0 -122.26389360309938,37.75781809116085,0 -122.26544667793621,37.75832800705672,0 -122.26568625233428,37.758568346222475,0 -122.26719450393337,37.75902162972833,0 -122.26767859795515,37.759146314093506,0 -122.26833465557344,37.75931713279569,0 -122.2687158107485,37.75937582859635,0 -122.26960541147604,37.759392612716184,0 -122.2701027466651,37.75939794630571,0 -122.27026477669122,37.75937190972081,0 -122.27082101800674,37.7593032526634,0 -122.27121344075036,37.759371024103174,0 -122.27155688824307,37.75958495122755,0 -122.27165866287318,37.759770351346745,0 -122.27187557726822,37.759936182341995,0 -122.27239462743263,37.76004303579469,0 -122.27271807483383,37.760054045902294,0 -122.27319138188568,37.76012230952702,0 -122.27369731754527,37.76033723655577,0 -122.27408643179376,37.76059876259066,0 -122.27462687354003,37.7608409365973,0 -122.27502948587394,37.760956077293464,0 -122.27528053984304,37.76118745750843,0 -122.27540040294971,37.761701938627354,0 -122.27540382553094,37.762296821003,0 -122.27574999671558,37.76317997947758,0 -122.27621885620843,37.763561406504174,0 -122.2768046278423,37.76381511581638,0 -122.27701012375172,37.76398988142647,0 -122.27701853018617,37.76421976580304,0 -122.27687132865043,37.764689796885335,0 -122.27669191352862,37.76526102525826,0 -122.27687771746875,37.76621980663701,0 -122.27705510329633,37.76658592464376,0 -122.27725180110589,37.76693638895404,0 -122.27730272390438,37.767026829827195,0 -122.27757658160695,37.767323689202364,0 -122.27781683962297,37.76750091632081,0 -122.2779839801647,37.76760784547984,0 -122.27816600489243,37.767570654382766,0 -122.27853325684183,37.767239418951455,0 -122.27923785941807,37.76673223811896,0 -122.27951921176505,37.76662355012482,0 -122.27971453784718,37.76660446398701,0 -122.28008870143438,37.766291289991585,0 -122.28025423758505,37.76619766398253,0 -122.28037628090291,37.76619841246271,0 -122.28051518200542,37.766217284245215,0 -122.28060681375764,37.766280933423914,0 -122.28058142197781,37.766411469814344,0 -122.28048653562931,37.76653707625362,0 -122.2804797695186,37.766649698487846,0 -122.28030193992326,37.76669367816441,0 -122.28017005017155,37.76668385851017,0 -122.28002584002573,37.76677310738811,0 -122.28041189012079,37.76691742006775,0 -122.28105352888046,37.76712188071585,0 -122.28164063990238,37.76716827240187,0 -122.28270448864221,37.767154471146405,0 -122.28312392462479,37.76722237173624,0 -122.283235167498,37.76731317726256,0 -122.2832302546117,37.76782238788719,0 -122.28325383898118,37.76824614427457,0 -122.28350060978299,37.76877941688737,0 -122.28397544846237,37.769284780727325,0 -122.28409887249084,37.76929003904264,0 -122.28421068579426,37.769322265655035,0 -122.28442527085775,37.76944073772787,0 -122.28453798067981,37.76952704417043,0 -122.28465486317639,37.76962239363805,0 -122.28476000020059,37.769758227148515,0 -122.28485869450762,37.769826422878815,0 -122.28497579349816,37.76989924057079,0 -122.28510175257236,37.7699360576958,0 -122.28521817153823,37.769932254415444,0 -122.285348913243,37.7699150210654,0 -122.28552954109044,37.769875560236265,0 -122.2856745588217,37.7698494002321,0 -122.28580525471239,37.769836671015014,0 -122.28604733181686,37.769901228133605,0 -122.28620830003429,37.769987828018714,0 -122.28638943542987,37.770043005346615,0 -122.28667056768961,37.77003118863648,0 -122.28686289699195,37.76995573874508,0 -122.28715156432025,37.76975018456873,0 -122.28739907623219,37.76954438199571,0 -122.28758977149901,37.769342740762696,0 -122.28779359025386,37.76910512577406,0 -122.28790243911682,37.76900213134771,0 -122.28804165013806,37.768989455242746,0 -122.28821767681463,37.76883729494639,0 -122.28831888011621,37.768644124812695,0 -122.28835905367404,37.7684505870468,0 -122.28840675062236,37.76836074440916,0 -122.28846016534746,37.76826642865974,0 -122.28873634789,37.76817796625999,0 -122.288670584923,37.76837585914698,0 -122.28867191442961,37.768533595471276,0 -122.28888061822293,37.76852583964294,0 -122.28915778621734,37.76855680614252,0 -122.28945591639891,37.76869605510458,0 -122.28968644566037,37.76878081296013,0 -122.2898937328105,37.76884741042953,0 -122.29022829327008,37.76888772890674,0 -122.29049438863026,37.76888933090857,0 -122.29077368832682,37.76877158936389,0 -122.29092291556351,37.768749955201,0 -122.29099282515385,37.76848899625185,0 -122.29106786861607,37.7683587603555,0 -122.29123326462954,37.7682786347938,0 -122.29124831859707,37.76848602656749,0 -122.29127003536907,37.768589807804524,0 -122.29140152537047,37.76849370925854,0 -122.29162149763073,37.76849503077511,0 -122.29170017567657,37.76865323480732,0 -122.29183785866354,37.76872616301137,0 -122.29211494221629,37.76876613360157,0 -122.29243320454168,37.76880409953535,0 -122.29268012176887,37.76888219362096,0 -122.29280486452417,37.76904742971173,0 -122.2928701064683,37.76934975799848,0 -122.29287398180045,37.76946470153219,0 -122.29287830718853,37.769606681960724,0 -122.29295690708095,37.76977389547764,0 -122.29301227743844,37.76992069261258,0 -122.29321914148207,37.770032341122615,0 -122.29341419806958,37.77011688299775,0 -122.29362105941827,37.77022853476204,0 -122.29381585998595,37.7703401096677,0 -122.29399604137069,37.77049666518012,0 -122.29457156143053,37.770646577466565,0 -122.29554378470631,37.77094531540402,0 -122.29927374158126,37.77199504653852,0 -122.29941867397258,37.77197788254676,0 -122.29957771350712,37.77196981606571,0 -122.29971692901994,37.771957125557805,0 -122.29993076848176,37.7720079649747,0 -122.30004981232487,37.77202670036,0 -122.30014587816139,37.771923616982754,0 -122.30032388023325,37.77186158666949,0 -122.30472831378309,37.772058902347155,0 -122.30470593854596,37.772477878390156,0 -122.30088888012278,37.77230207411762,0 -122.30073689146491,37.77231469213868,0 -122.30063265095932,37.77238166915509,0 -122.30058119366322,37.77257064010139,0 -122.30058556127213,37.773462960677854,0 -122.30103691619338,37.77383968022824,0 -122.30442746529947,37.77394762128545,0 -122.30500851359155,37.773966824107795,0 -122.30516041960439,37.77396321488073,0 -122.3052635210462,37.774017900012204,0 -122.30534048510648,37.77413552385436,0 -122.3053423967214,37.774234678249144,0 -122.30517007200214,37.7742967534352,0 -122.30501119596099,37.77428680414037,0 -122.30434505116037,37.77426033895284,0 -122.30098026932988,37.77412776293315,0 -122.3008349937821,37.77418098096647,0 -122.30050575404398,37.77447645754933,0 -122.29967258548258,37.77522860702921,0 -122.2995907489602,37.77532726434633,0 -122.29968206989535,37.77542695251631,0 -122.30176118738278,37.775457316138535,0 -122.30190015406228,37.775471657607916,0 -122.3020199497953,37.775562500576925,0 -122.30181059023185,37.77563786948257,0 -122.30096061329316,37.7756125514975,0 -122.29945366155626,37.77556529530644,0 -122.29838896301017,37.77648280371165,0 -122.29807563602895,37.77989688978827,0 -122.3000945035103,37.78000804185349,0 -122.30009573510053,37.77987736119549,0 -122.30014062750854,37.779782992686066,0 -122.30028768800875,37.77984244969612,0 -122.30028929689142,37.779973146745874,0 -122.30172871418357,37.78011688128374,0 -122.30188491324517,37.779960077761295,0 -122.30198765985241,37.779902104748814,0 -122.30223643479563,37.77986301774079,0 -122.30244570183264,37.77994988001836,0 -122.30255677492427,37.7800632031835,0 -122.30257863991828,37.780153463281124,0 -122.3040992828784,37.78011287972733,0 -122.3041130711197,37.78000480709162,0 -122.30420020231237,37.779946734004035,0 -122.30434684868925,37.780051251754855,0 -122.30454124232008,37.780059159024155,0 -122.3046919338107,37.780035263263585,0 -122.304886305882,37.78004542052479,0 -122.30505392163253,37.78003289257312,0 -122.30517599010321,37.78003361322325,0 -122.30529513276106,37.78004332673466,0 -122.30543498158616,37.78011625648431,0 -122.30554514648105,37.780175488866746,0 -122.30558680225909,37.780274879399926,0 -122.30575374247653,37.78033444748393,0 -122.3059211902421,37.78033994002251,0 -122.30607866221645,37.78034988069272,0 -122.30614697280562,37.780179036730615,0 -122.30614522917566,37.78006185560378,0 -122.3063115513522,37.780035794343675,0 -122.30638574680478,37.78014664232046,0 -122.30638296023078,37.78029308729204,0 -122.30825807121548,37.78044832030654,0 -122.3086806018942,37.776079459133406,0 -122.30985319169918,37.7761381579621,0 -122.3099681131735,37.77614333626587,0 -122.31017880224361,37.7761535842366,0 -122.31364125340333,37.776327027712625,0 -122.3144825840574,37.776367976883016,0 -122.31530617388295,37.77640881739539,0 -122.31538968935658,37.77651069953208,0 -122.31580092372062,37.7770155681834,0 -122.31779748244018,37.779548555150434,0 -122.31792073578872,37.7794974404667,0 -122.32300796171803,37.77974760260017,0 -122.32403263582663,37.78039115778324,0 -122.32420365439549,37.78039439323817,0 -122.32512917156471,37.78086161927868,0 -122.32562783176883,37.78112810726877,0 -122.3272427097989,37.78118465721162,0 -122.33161625387936,37.7813357320862,0 -122.33257101031279,37.78218837262613,0 -122.33246503965199,37.78244915116831,0 -122.3317897517984,37.78571481606755,0 -122.33175858474961,37.78586560977389,0 -122.33165872622601,37.7862345803047,0 -122.3315283707968,37.78683771496498,0 -122.33143098443686,37.787404985470694,0 -122.33133948024539,37.78779203154338,0 -122.33130070536446,37.787999109457566,0 -122.33120514078792,37.78867905485534,0 -122.33103875662763,37.7893405703953,0 -122.33105286377082,37.78974398672298,0 -122.3310805148136,37.790535038101076,0 -122.33113338426134,37.79207206832412,0 -122.33094075671833,37.79217913302697,0 -122.33082483182585,37.79228212142959,0 -122.33075145653513,37.79238986234516,0 -122.33074488176557,37.79248896953749,0 -122.33079477060319,37.79262444868608,0 -122.33086530182773,37.792832148398105,0 -122.33091531103958,37.79295410945941,0 -122.33095964469548,37.793076038375006,0 -122.3309060197646,37.79319740841875,0 -122.33089940457084,37.793301021509734,0 -122.33096296307214,37.79341629977615,0 -122.3309013476268,37.79355790624409,0 -122.33095123826106,37.793693384142486,0 -122.33099415168049,37.793815304739425,0 -122.33105799045617,37.793977902608546,0 -122.33113022937805,37.794154066341534,0 -122.3311378551765,37.79425325422144,0 -122.33113963743402,37.79437043343338,0 -122.33113541625049,37.794523632232305,0 -122.33120481739438,37.794699781886564,0 -122.33127648947935,37.794781306337455,0 -122.33138203344039,37.79488555536904,0 -122.3315261905856,37.79495847899084,0 -122.3316036657873,37.795026514471594,0 -122.33165960118508,37.795121468313745,0 -122.33176721396623,37.79531135220669,0 -122.33185202930211,37.79551012366238,0 -122.3319159938419,37.7956592008384,0 -122.33195278434438,37.79583065923668,0 -122.3319743636741,37.7959569631622,0 -122.33193375982327,37.796051369936706,0 -122.33191307162228,37.79614138193772,0 -122.33183478434358,37.79632119975618,0 -122.33168238695227,37.7964532781211,0 -122.3314773779297,37.79659407096896,0 -122.33140943205657,37.796728878889766,0 -122.33150090121373,37.79681953034001,0 -122.33162555323918,37.79685178541195,0 -122.331717024193,37.79694243316219,0 -122.33163386894378,37.79703209199844,0 -122.33149619493994,37.79702680513348,0 -122.33133028868339,37.797003330113775,0 -122.33120454161161,37.79693501890698,0 -122.33102225008426,37.79683934619967,0 -122.33090538555403,37.79688825619912,0 -122.33087427060751,37.7970322857839,0 -122.33082632123259,37.797153690498874,0 -122.33078006877525,37.79722999566506,0 -122.33075281658448,37.79727495020808,0 -122.33065265353198,37.79723247227912,0 -122.33047276769295,37.797156188410554,0 -122.33026483824742,37.797069383267605,0 -122.33002044708279,37.79693279569499,0 -122.3298337331493,37.79685512520238,0 -122.32967367043365,37.796813655003284,0 -122.32935614023523,37.79675776865239,0 -122.32924422721884,37.796730092005866,0 -122.32908542124626,37.79670665735281,0 -122.32896774913058,37.796687960875445,0 -122.32876647440465,37.79665076169303,0 -122.32863322190863,37.79662746969277,0 -122.31717160462216,37.79396133007066,0 -122.31703982715987,37.793933526020275,0 -122.31696257743535,37.793842946984476,0 -122.31692077343529,37.7937570778141,0 -122.31680807259636,37.79366178928973,0 -122.31664113327723,37.793597729952985,0 -122.3164541947649,37.79354707291382,0 -122.31617648149312,37.79348687872482,0 -122.31601050247303,37.79347239593717,0 -122.31586603271408,37.79343550321974,0 -122.31554004936885,37.793375024991114,0 -122.31541487362558,37.793401337101294,0 -122.31528606419698,37.79351325184407,0 -122.30350669392988,37.7907718338513,0 -122.3032275397604,37.79071610336681,0 -122.30287668475988,37.79073656119093,0 -122.30263497057481,37.79077568788196,0 -122.30224841562658,37.79081846909975,0 -122.30197063947273,37.790767246496785,0 -122.30185938132817,37.790671951986695,0 -122.30169977226176,37.790585382720266,0 -122.30157505825254,37.79056210797499,0 -122.3014232061386,37.79055670351367,0 -122.301291393642,37.79053339113475,0 -122.30111699471273,37.79050982176484,0 -122.30090280760294,37.790490525983756,0 -122.30063312437147,37.79048441729661,0 -122.30037049920321,37.79048285835674,0 -122.29990667386922,37.79043954451948,0 -122.29958166968761,37.79042860069743,0 -122.29900264440157,37.790407129760034,0 -122.2985997769461,37.79037318727976,0 -122.29812860159642,37.79035686097881,0 -122.29774982605855,37.79032756761895,0 -122.29744444108277,37.79034377040355,0 -122.29720431601743,37.790364870791116,0 -122.2967398951004,37.79038463513954,0 -122.2963052003344,37.790413582045375,0 -122.29602949928886,37.790443480206044,0 -122.29572669786783,37.79048673653909,0 -122.29540002012487,37.79050280937718,0 -122.29523655009936,37.790524363344986,0 -122.29506297402692,37.790563883432405,0 -122.29473204545604,37.790728645835294,0 -122.29456784779514,37.79082680612431,0 -122.29435473327376,37.790843557549316,0 -122.29411357424755,37.79082408580103,0 -122.29389073905647,37.79081824264277,0 -122.29376611487879,37.79078595157143,0 -122.29363443533285,37.790749108625256,0 -122.29346046939156,37.79068046721217,0 -122.29334070330296,37.79058511366862,0 -122.29316807225817,37.79052549066522,0 -122.29301625787346,37.79051556911108,0 -122.29287813022044,37.790559804352725,0 -122.29276146331954,37.79058614373174,0 -122.29254086852679,37.79064340556475,0 -122.29230706580442,37.79074565142574,0 -122.29221793226698,37.79086228461142,0 -122.2921092693553,37.79094274845372,0 -122.29199940090446,37.79100067234222,0 -122.29187546483627,37.79104499177083,0 -122.29168239981375,37.7910438318034,0 -122.29141069537289,37.79095207008901,0 -122.29116785739542,37.79095962124451,0 -122.29095556034092,37.791039461693494,0 -122.2907774181319,37.791110492275436,0 -122.29060293745593,37.79109592241488,0 -122.29050588886253,37.791000703577595,0 -122.29046158305441,37.790883266298295,0 -122.29048976140825,37.79075725256559,0 -122.29043865894666,37.79060822938931,0 -122.29036845560724,37.7905266889753,0 -122.29029106664382,37.79045411805897,0 -122.29028354145666,37.790350423596436,0 -122.29016631849863,37.790286626182045,0 -122.29004143470782,37.7902813672304,0 -122.28987624800179,37.790334449401435,0 -122.28974628783133,37.790414782486955,0 -122.28977779623992,37.79142443714555,0 -122.28978118827843,37.79166329937026,0 -122.28960911059586,37.791693811078524,0 -122.28956471854947,37.79158538623465,0 -122.28957322739184,37.79040021887833,0 -122.28949588514082,37.79032314138448,0 -122.28929486104487,37.79026334637344,0 -122.28907349190436,37.790252997423124,0 -122.28893686623447,37.79028822630037,0 -122.28879193923304,37.79030086893759,0 -122.28862503045661,37.79023677048191,0 -122.28848767176146,37.790348604829944,0 -122.28837607944364,37.790438062247915,0 -122.28819763540062,37.7905406342368,0 -122.28821788522376,37.791685412391516,0 -122.2882358129019,37.791888314492475,0 -122.28815256961776,37.791982448900875,0 -122.28797399891234,37.79194982256243,0 -122.2879638111187,37.7918280870072,0 -122.28796344460606,37.79053471296721,0 -122.28786545727318,37.79038991112143,0 -122.28771962836322,37.790348469238864,0 -122.28749834635929,37.79032910668485,0 -122.28736047292949,37.790346297651496,0 -122.28733859715568,37.79218031924228,0 -122.28189966282635,37.79218334476549,0 -122.28169945260403,37.79218663365539,0 -122.28149369348822,37.792176363771524,0 -122.28105666849237,37.7921511657425,0 -122.28083653902695,37.79215883745572,0 -122.28067839511276,37.792216456560894,0 -122.28049220310044,37.792237852434845,0 -122.28033329202499,37.7922278658014,0 -122.27999426604015,37.79219875775295,0 -122.27961282250588,37.792151359540775,0 -122.27920441154679,37.79210379518528,0 -122.27880251606845,37.792042753637816,0 -122.27851297288271,37.791962114941775,0 -122.27825811903998,37.791890704679496,0 -122.27819151255491,37.79173256599135,0 -122.2781536907865,37.791534047031526,0 -122.27794100476154,37.79143360041448,0 -122.27781585956099,37.791455369207604,0 -122.27767079781226,37.79148151730692,0 -122.27745451852614,37.79138555429076,0 -122.27735193900553,37.79127676836932,0 -122.27727930572324,37.79115464552318,0 -122.27708521392633,37.791112895975616,0 -122.27697564281786,37.791139264972976,0 -122.27683213066302,37.79115190249536,0 -122.27658182678722,37.79105122038378,0 -122.2764760151282,37.79098297466287,0 -122.27633670439393,37.79085593813979,0 -122.27608738596997,37.7908003284012,0 -122.27593607015028,37.79088502045113,0 -122.2757561349039,37.790847861650455,0 -122.27563053785077,37.79077047936781,0 -122.2755476619776,37.79067984037237,0 -122.27557289565394,37.79056733070184,0 -122.27559382550174,37.790459304588516,0 -122.27565294003735,37.790220821108974,0 -122.27558194977368,37.79007617553674,0 -122.27549033688607,37.7900080141038,0 -122.27532537296224,37.789964188146875,0 -122.27498437697197,37.789847174453875,0 -122.2744878817077,37.789517393331984,0 -122.27443244217991,37.78937960553714,0 -122.27466506900758,37.7889641839891,0 -122.27463697958699,37.78886035965094,0 -122.27443918223952,37.78869014943892,0 -122.2746731511502,37.788137286734255,0 -122.27385130944623,37.78754412439086,0 -122.27363756161256,37.78755407190133,0 -122.27320098038449,37.78828368889651,0 -122.27113021902584,37.78743944330297,0 -122.2716361241427,37.78659084182919,0 -122.27123776982324,37.786462193294454,0 -122.27091960810915,37.78691313200902,0 -122.27015217736192,37.78663798803103,0 -122.27038357709093,37.786276646402094,0 -122.27032779530502,37.78617490551496,0 -122.26991679809623,37.785888448672935,0 -122.26925034607179,37.78552379431428,0 -122.2689964354601,37.785215774468845,0 -122.26855347170194,37.78486151832453,0 -122.26852763435771,37.78474644040802,0 -122.26853695078555,37.78452117351167,0 -122.26853557995642,37.7842282389758,0 -122.26852529424642,37.7839758130278,0 -122.26834453434664,37.78388005254333,0 -122.26817064925372,37.78380686595053,0 -122.26805133052609,37.78367093187667,0 -122.26804374605014,37.783576246595814,0 -122.26804898412658,37.78347713454917,0 -122.26801146059884,37.78325157766639,0 -122.26794293082075,37.783147499652685,0 -122.267845567817,37.78308831083019,0 -122.26770051415312,37.78311444840077,0 -122.26757520366257,37.783154229460244,0 -122.26742469902156,37.78315779919021,0 -122.26731917572177,37.78306250764668,0 -122.26718051357113,37.78301657889494,0 -122.26706398411248,37.78302937329018,0 -122.26682108415125,37.783045887932424,0 -122.26662945643314,37.78304469447081,0 -122.26627029291454,37.7830469663787,0 -122.26612506497753,37.783091127284344,0 -122.2660160723841,37.78320311018056,0 -122.26598253378296,37.783293032758586,0 -122.2658365458712,37.783413797649644,0 -122.26574170443844,37.78353037567065,0 -122.26562098972889,37.78382254976147,0 -122.26552486101033,37.783925598798504,0 -122.26533238707924,37.784010023262354,0 -122.26521616753935,37.78399127387477,0 -122.26507755210112,37.78394083814765,0 -122.26495175292705,37.78388597292621,0 -122.26479885427581,37.78384446349942,0 -122.26454881809795,37.78372122366514,0 -122.26443016142868,37.783661898988726,0 -122.26418859726226,37.78354322180446,0 -122.26402199481137,37.7834520506983,0 -122.26383889929183,37.78330669752758,0 -122.26372765372368,37.783215871884885,0 -122.26355280384013,37.783097607897325,0 -122.26345544442964,37.783038413355115,0 -122.26333328253416,37.78304666606087,0 -122.26312476020051,37.78303184328051,0 -122.2629922703742,37.78293637550151,0 -122.26290223223329,37.78285469314716,0 -122.26275519419096,37.78279518957188,0 -122.26257559671114,37.78272646835318,0 -122.26228396943392,37.78250382150287,0 -122.26217006664916,37.78239495505831,0 -122.26195653980109,37.78231249964926,0 -122.26174220536754,37.782311157790375,0 -122.26161108187878,37.78236441111138,0 -122.26152932081489,37.78244952390622,0 -122.26146148812947,37.78256176265591,0 -122.2612553849589,37.782731717192846,0 -122.26112515709046,37.78269485106171,0 -122.2610050424555,37.782640019704075,0 -122.26093066374663,37.78255392807182,0 -122.26086622399804,37.782467898817195,0 -122.26078936593893,37.7823457401139,0 -122.2607135095014,37.7821942945645,0 -122.26066897192794,37.78203403713196,0 -122.26058938478702,37.78175863856473,0 -122.26057272732672,37.781578272696315,0 -122.26056316835377,37.781397953246916,0 -122.2605745850427,37.78124930737012,0 -122.26064255427208,37.78112355410514,0 -122.26073812154357,37.78093487907701,0 -122.26077170955205,37.780840452988315,0 -122.26079772566098,37.78065134059117,0 -122.26078066395878,37.7805115298181,0 -122.2607711022909,37.78033121131638,0 -122.26070866668373,37.78018661028688,0 -122.2605300501642,37.78016295596709,0 -122.26051285461303,37.78003666764385,0 -122.2604832416497,37.779874246418146,0 -122.26047607219539,37.77973900517459,0 -122.26044346245227,37.77945038272054,0 -122.26047643960635,37.779274835720365,0 -122.2604957911142,37.77918482589277,0 -122.26054978615099,37.77903644749914,0 -122.26059042593442,37.778946573703344,0 -122.26061128751029,37.778847561950315,0 -122.26050352201554,37.778693663238684,0 -122.26049497634224,37.77855390485401,0 -122.2605299396714,37.77846399355076,0 -122.26056034764379,37.7782613911388,0 -122.26045533368878,37.778116524773516,0 -122.2603254274172,37.778048110903335,0 -122.2601437494392,37.7780469713225,0 -122.25988830989489,37.778040858056656,0 -122.25972688802823,37.77800153930808,0 -122.2591681233451,37.78193447927852,0 -122.25915598261405,37.78215521941829,0 -122.25913804954602,37.78224523982834,0 -122.25902686596163,37.78243381566472,0 -122.25886935086811,37.782428315471954,0 -122.25868966894669,37.78236860069001,0 -122.25855687369317,37.78230467284855,0 -122.25833496736011,37.782208640406736,0 -122.25817432523111,37.78209045929518,0 -122.25820805247845,37.7819825159276,0 -122.25832494036493,37.78193367983892,0 -122.25821357262588,37.781856367739756,0 -122.25805860515453,37.781738221564105,0 -122.25783329151159,37.781628646846976,0 -122.25771033101381,37.78164590018626,0 -122.25750514771808,37.78158151590914,0 -122.2573158349585,37.781704250962626,0 -122.25714596623321,37.78172796442783,0 -122.25704338850922,37.781623667723196,0 -122.25694662019019,37.78150588823839,0 -122.25679852932235,37.78141031696028,0 -122.2566600135971,37.78135086050131,0 -122.25652086635623,37.781354487827386,0 -122.2563553382904,37.781299367930266,0 -122.25611219398739,37.78119868659478,0 -122.2560484360601,37.78104506257445,0 -122.2560893076089,37.78093265964361,0 -122.25773360815948,37.77860864836098,0 -122.25786993469036,37.778460791382045,0 -122.25795822650637,37.778290098547465,0 -122.25793558357131,37.77814124122554,0 -122.25785021936481,37.77801902922043,0 -122.25769192722859,37.77795043420488,0 -122.25756720872782,37.77793162150841,0 -122.25744225846168,37.77793533917478,0 -122.25728919721537,37.7779118424692,0 -122.25715760121278,37.77787045678109,0 -122.25701895972338,37.777824517702925,0 -122.2568660754452,37.777782993511664,0 -122.25669949545215,37.7776918110403,0 -122.2565471537564,37.77759621140002,0 -122.25641556314366,37.7775548234051,0 -122.25596822997994,37.77729287380258,0 -122.25575245015713,37.77715406207677,0 -122.25564300121955,37.77731109946986,0 -122.25532893402655,37.777277568470375,0 -122.25462038245631,37.77836366762146,0 -122.25435401221162,37.778456620042256,0 -122.25376466438465,37.77848443417622,0 -122.25344950753521,37.77855905032788,0 -122.25295715709764,37.77861000661746,0 -122.25251502697606,37.77860720419282,0 -122.2523388179415,37.778556514866764,0 -122.25219903828665,37.77862322423358,0 -122.25218787582094,37.77874482817915,0 -122.25206454072568,37.77887023048533,0 -122.25187287976995,37.77887351712766,0 -122.25181435902076,37.7787649896921,0 -122.251848140167,37.778652542113285,0 -122.25193842264969,37.778567491687554,0 -122.25212247307837,37.77847402180511,0 -122.25202512893925,37.77841482000999,0 -122.25189948607202,37.77834642416626,0 -122.25175273549058,37.77825987028202,0 -122.25157224149213,37.77814155434364,0 -122.25147193291252,37.77823555360946,0 -122.25136040707002,37.77831596161835,0 -122.25122286511855,37.778301568159506,0 -122.25105022778556,37.77824864632947,0 -122.25084196326841,37.77813916655197,0 -122.2509093180501,37.77786469496107,0 -122.25070068881695,37.77736990524452,0 -122.25063162454126,37.77704048736175,0 -122.24986939773449,37.776548935562325,0 -122.24890340247855,37.77627689846172,0 -122.24876453461371,37.77611377526816,0 -122.24890091594185,37.7758915707356,0 -122.24869280234165,37.77583842209752,0 -122.24855614163747,37.77594795853526,0 -122.24834977166726,37.776002974496855,0 -122.24821106549918,37.775893932328415,0 -122.2482106019685,37.77572944074992,0 -122.24821101070194,37.775619032766166,0 -122.24800218833099,37.77556587612166,0 -122.24765711578596,37.775511850345644,0 -122.24758781974495,37.775346916978975,0 -122.24717328946215,37.77507388067833,0 -122.24689494647136,37.77501802190807,0 -122.24661974399082,37.77507259407175,0 -122.24641310272936,37.77529434947675,0 -122.24620680372608,37.77562200358416,0 -122.24579378800284,37.77589876272973,0 -122.24544715867741,37.77578838766077,0 -122.24496237924107,37.77551489217223,0 -122.24503202023514,37.77529677144248,0 -122.24579014623266,37.77458058398486,0 -122.24585767888078,37.774360196844384,0 -122.24558183590143,37.77419844693073,0 -122.24475665246459,37.775297260663905,0 -122.24461756271592,37.77529637026667,0 -122.2441332450136,37.77518735900809,0 -122.24326979873555,37.77495423823983,0 -122.24136936244633,37.774040712749716,0 -122.24108623592667,37.7737594867593,0 -122.24053963173755,37.773219684795414,0 -122.24040080878848,37.773054306073604,0 -122.24005559700458,37.77294617483409,0 -122.23964084393958,37.77283759538272,0 -122.23941042966247,37.77274598076967,0 -122.2392266442368,37.77267494318838,0 -122.23888117104316,37.77245414562596,0 -122.23839728004064,37.77223695671564,0 -122.23800217852079,37.77208118171162,0 -122.23806822715206,37.772214549584625,0 -122.23824154450973,37.77233734634518,0 -122.23835562965246,37.77235385698551,0 -122.23844892238968,37.77246036302443,0 -122.23867900968003,37.77258352648378,0 -122.23869227689845,37.77267374245859,0 -122.23869533566202,37.77279093174632,0 -122.23856994791633,37.77290729148822,0 -122.23852997288617,37.772999416440086,0 -122.23856699695062,37.77312583891686,0 -122.23835619648945,37.77333628315427,0 -122.2383260957409,37.77351554439359,0 -122.2384687832423,37.77349924419125,0 -122.23943684911498,37.7740462817321,0 -122.23985165697718,37.77442750786335,0 -122.24006004995341,37.77486823422272,0 -122.24012891300649,37.77514357893603,0 -122.24026831357227,37.77525263215185,0 -122.24040700626563,37.77536168591687,0 -122.24068295165293,37.77558202888948,0 -122.24089121527176,37.77568927369201,0 -122.24102833411673,37.77574423588295,0 -122.24137498769664,37.776129522484744,0 -122.24192909910664,37.77684061324705,0 -122.24227403690436,37.77683832481768,0 -122.24255215801126,37.77733357605895,0 -122.2426908911288,37.777717522375674,0 -122.24269047520885,37.77782793219558,0 -122.24289878284513,37.77821006965989,0 -122.24290143377351,37.778924369538835,0 -122.24304001238082,37.779254238401755,0 -122.24324826971146,37.779363732147964,0 -122.24359390550016,37.77936369664762,0 -122.24380005358651,37.779470923894046,0 -122.24380009490902,37.77974582049291,0 -122.24338746276642,37.77991216759814,0 -122.24290507913695,37.780515193395104,0 -122.24290741296007,37.78112133751733,0 -122.24297688686748,37.781338097055034,0 -122.24346079134475,37.78128262215164,0 -122.24353021943811,37.78150388536784,0 -122.2437384210732,37.78210684280088,0 -122.24374033268812,37.782546238322034,0 -122.24339554670566,37.78260035764379,0 -122.24298061128266,37.7827126117838,0 -122.24305216299337,37.78369999500677,0 -122.24401858315242,37.783589032374586,0 -122.24450422497145,37.78441008148005,0 -122.24498889930487,37.784629499387734,0 -122.24540361104737,37.78495887919098,0 -122.24574829462189,37.78484616983233,0 -122.24568104853635,37.78517696786149,0 -122.24595704872088,37.78539730003604,0 -122.24644079599294,37.785778944713634,0 -122.2468579206103,37.785941592924914,0 -122.24713362614742,37.78605150911972,0 -122.2471333782124,37.78621599618771,0 -122.24720323390383,37.786326851934554,0 -122.24734163464473,37.78632773793931,0 -122.24747880020206,37.7863804374535,0 -122.24741096482171,37.78649041547017,0 -122.2476870808889,37.786489926322766,0 -122.2477563356074,37.78637995824453,0 -122.2478937257436,37.78627042306619,0 -122.24803240047065,37.786104568771414,0 -122.24816899380116,37.78621359516805,0 -122.24816929383846,37.78632400862601,0 -122.24851668763021,37.786434381452565,0 -122.24865314621343,37.78648707592111,0 -122.24879214882557,37.78670878217565,0 -122.24906984952092,37.78676237735672,0 -122.24920685697478,37.78676099653215,0 -122.24934629437149,37.78687004183849,0 -122.24962170076964,37.78686954346452,0 -122.25010555853447,37.78703260529625,0 -122.25052267596527,37.78719749484137,0 -122.25086794613968,37.787307846485284,0 -122.25107822467972,37.78736100817476,0 -122.25130686388583,37.787423300935416,0 -122.25146007964236,37.78743328395863,0 -122.25167402151213,37.78747520170852,0 -122.25180691019042,37.78753012389942,0 -122.25195120387957,37.787580612551416,0 -122.25202969597413,37.78768025579962,0 -122.25247909526298,37.78774169070047,0 -122.25303940235348,37.787785804785514,0 -122.25336434095806,37.78780138197316,0 -122.25357754441264,37.78777569686298,0 -122.25381349860012,37.78774564427885,0 -122.25395000120079,37.78772397449243,0 -122.25410815948804,37.78766639447961,0 -122.25426589377047,37.78750966234781,0 -122.25428584175965,37.7873610734883,0 -122.25436536332354,37.787217368656435,0 -122.2544812513851,37.78712797265319,0 -122.2547766740444,37.786972111887685,0 -122.25523140034288,37.78678571506313,0 -122.25591818034391,37.786533182840365,0 -122.25655184835205,37.786338896060535,0 -122.25670432210019,37.78628127521188,0 -122.25732859193384,37.78603284331335,0 -122.25766622732664,37.785913295285624,0 -122.25788124897137,37.78584705325199,0 -122.25799805241617,37.785807229625355,0 -122.25812679806437,37.785708897960994,0 -122.25838240020374,37.78570149180777,0 -122.26119198366277,37.78681873769569,0 -122.26062527877082,37.787274843949355,0 -122.26053377368105,37.78719766096532,0 -122.26038224226566,37.78716065720533,0 -122.26027319218004,37.78727714412444,0 -122.26022024457889,37.78746157604642,0 -122.26009091592408,37.787618494281176,0 -122.25991762371925,37.78777062657292,0 -122.25977591987308,37.787886906652375,0 -122.25962446211952,37.787985098403446,0 -122.25962599823866,37.7881157980929,0 -122.25967611255344,37.78821525532999,0 -122.25961541069475,37.7883230305724,0 -122.25940259531234,37.78845238152745,0 -122.25912704877705,37.78860837547515,0 -122.25886702423152,37.78877347944852,0 -122.25871574344612,37.78885364811085,0 -122.2586072269598,37.78891605816904,0 -122.2585031490493,37.78896046545758,0 -122.25841423290414,37.78905003601252,0 -122.25849810051737,37.78918125560395,0 -122.25862473602301,37.78929471298664,0 -122.25881757197513,37.789318460221864,0 -122.25896144255779,37.78926979297016,0 -122.25908433658023,37.78918944941098,0 -122.25916633030779,37.789081808895894,0 -122.25932484432788,37.788988168441854,0 -122.25942887911924,37.78894826273806,0 -122.25951200202913,37.78901187673035,0 -122.25947845444483,37.78910179508032,0 -122.25934150268651,37.78916853397487,0 -122.25923710946735,37.789244486753304,0 -122.25930150789343,37.78933502457237,0 -122.259563022744,37.78930512028386,0 -122.25969350753059,37.789175250455784,0 -122.25976788084961,37.788977433829544,0 -122.25984823335514,37.78889231293428,0 -122.25999329600216,37.78886618663596,0 -122.26026097958378,37.78878674707105,0 -122.26038409369346,37.788683870222826,0 -122.2604179556881,37.78856240970451,0 -122.2604999044999,37.78845927200365,0 -122.26074234991361,37.788348131227956,0 -122.2608370709721,37.7882450784186,0 -122.26100815152469,37.78802983849558,0 -122.26107346892734,37.7878860391244,0 -122.26112055232632,37.787719592827315,0 -122.26120231878012,37.78763447971218,0 -122.2613523104831,37.78754078488948,0 -122.26154757727642,37.78760509795204,0 -122.26168056746434,37.78765099616512,0 -122.26184523135088,37.78765203052871,0 -122.26218956368409,37.787573068149854,0 -122.2623546785249,37.78752903841928,0 -122.2625082563025,37.78750296133394,0 -122.26266578037915,37.78750845121004,0 -122.26286152866945,37.787667405415434,0 -122.26295949444274,37.78795192933785,0 -122.2630557758749,37.78826348170533,0 -122.26312734106034,37.78863346254532,0 -122.26316423576736,37.78877790435602,0 -122.26321994568802,37.788886409280465,0 -122.26320050614527,37.78898542959312,0 -122.26313275610488,37.78908865529878,0 -122.26305786625458,37.789196342658094,0 -122.26311504042916,37.789300351101076,0 -122.26318374717533,37.789386406478194,0 -122.26327512380604,37.78947710882235,0 -122.26337240416478,37.789545314759366,0 -122.26354510078659,37.78959596602336,0 -122.26365613794557,37.78956511482246,0 -122.26377312554506,37.7895072607995,0 -122.26379402664675,37.78940373893618,0 -122.26375823417258,37.78929085319942,0 -122.26376135581818,37.789119623834246,0 -122.26396055094425,37.78893159607316,0 -122.26411901555699,37.78884245629339,0 -122.26446836947265,37.7886869107975,0 -122.26461299553847,37.788561629504386,0 -122.26474945142674,37.78854445516062,0 -122.26484930276384,37.788639713368944,0 -122.264985533175,37.78864507111599,0 -122.26517864580826,37.78849756148635,0 -122.26527309557552,37.78842154191772,0 -122.26540409330016,37.78838179705974,0 -122.26550971451631,37.78846807926088,0 -122.26547568004516,37.788607569718415,0 -122.26531104849798,37.78874624350881,0 -122.26498977412145,37.78893351568238,0 -122.26464702641637,37.78913867434357,0 -122.264406886978,37.78930391769448,0 -122.26430391848686,37.78937988524185,0 -122.26417988090905,37.78943318742266,0 -122.26411923115265,37.78953646148651,0 -122.26415524730733,37.78962681650146,0 -122.2642936049291,37.78970428943016,0 -122.26442411397021,37.78971411880527,0 -122.26465204979544,37.789634421745404,0 -122.26485688005326,37.78945093445695,0 -122.26513881091527,37.78922286284073,0 -122.26537038491743,37.78906207188561,0 -122.26569440903707,37.78888383157867,0 -122.26589279927259,37.788776908343664,0 -122.26607534232822,37.78883663214616,0 -122.26674254624258,37.78905484709642,0 -122.26699790853174,37.78914431105006,0 -122.26694959444083,37.7892927252353,0 -122.26707517801924,37.78937011971419,0 -122.2671999665886,37.78938441588968,0 -122.26736711970679,37.78942150585505,0 -122.26762938465062,37.78945918928629,0 -122.26779489475014,37.78951880321135,0 -122.26792789212456,37.78956469384663,0 -122.26803985993823,37.78958341839327,0 -122.26811669014954,37.789710075174,0 -122.26805613561454,37.789804337301,0 -122.26797397659698,37.789930010484596,0 -122.26798435213851,37.79002921894317,0 -122.2681153947789,37.79012917408668,0 -122.26832278433697,37.790116943873876,0 -122.26850800077888,37.79005049547669,0 -122.26867320365457,37.78999744362754,0 -122.26881689457416,37.789966788527956,0 -122.26899766705036,37.79006254893446,0 -122.26911761909025,37.79013539638765,0 -122.26931157164829,37.7901906779418,0 -122.26946235476704,37.79016006764623,0 -122.26959331296581,37.79012482450983,0 -122.26976051279637,37.79015740905993,0 -122.26995384372023,37.79027577604438,0 -122.2700454521163,37.79034394077985,0 -122.27019601694442,37.79033585997513,0 -122.27034329932852,37.790372822390694,0 -122.27067650512865,37.79055965740361,0 -122.2709546163541,37.79071910481349,0 -122.27112762828453,37.7907382010538,0 -122.27127318141171,37.790806699723994,0 -122.27144775191918,37.79095649557591,0 -122.27151208027672,37.79105603488682,0 -122.27165244832806,37.79121913930274,0 -122.27181876691134,37.7913418434434,0 -122.27193034036456,37.791401116521726,0 -122.27203029051633,37.791487360412724,0 -122.27223791363636,37.79159679628251,0 -122.27244584487855,37.79167469236879,0 -122.27264144315023,37.791707445898666,0 -122.27274467664434,37.79174864139799,0 -122.27291010948875,37.79181725910239,0 -122.27305806471098,37.79193083737752,0 -122.27319639448498,37.792012807142164,0 -122.27334302020058,37.79211736107101,0 -122.27345477331689,37.79215861100281,0 -122.27356501636515,37.79220886294082,0 -122.27379620139679,37.79237702981711,0 -122.27386745576514,37.792494636513254,0 -122.27395796821654,37.79267545561819,0 -122.2739883169001,37.79276577272063,0 -122.27405926494292,37.79291492358244,0 -122.27414232047914,37.79298754248304,0 -122.27422799101117,37.79308270622922,0 -122.27442288680025,37.79318755466142,0 -122.27452607807356,37.79323325774126,0 -122.2747478541509,37.79320307463034,0 -122.27481336648796,37.793036740402414,0 -122.27488123600429,37.7929199864208,0 -122.27498423952973,37.79283950272551,0 -122.27512052563642,37.79284034109041,0 -122.27524883200846,37.79293126422556,0 -122.27519494207455,37.79307063267778,0 -122.27507991819233,37.793218640027874,0 -122.2749908861645,37.79332174340064,0 -122.27501369977946,37.793457077628226,0 -122.27511662874473,37.79352981454432,0 -122.27507977266524,37.79366928905769,0 -122.27522499072082,37.793845938366026,0 -122.2755306245299,37.79395146860667,0 -122.27565662133337,37.79398829362915,0 -122.27582474553036,37.793782028971165,0 -122.27587278114353,37.79366064640022,0 -122.27593807249504,37.79351684236976,0 -122.27598575596862,37.79343151090289,0 -122.27624190697863,37.79336999341831,0 -122.27633876333256,37.7934832505745,0 -122.2763745755697,37.79359613487545,0 -122.27643185844039,37.79369112179018,0 -122.27654348399594,37.793745886029456,0 -122.27667378462787,37.793778232596615,0 -122.27686229159868,37.793810931953914,0 -122.2769802538702,37.79379813942526,0 -122.27711997962614,37.79402882981123,0 -122.27726174006618,37.794196438141256,0 -122.27745570969222,37.79425170813863,0 -122.27758422267678,37.794175886863094,0 -122.27769419712878,37.79410896224748,0 -122.27784627382157,37.79409186940785,0 -122.27791646907617,37.79417341440576,0 -122.2778900397422,37.79426338255377,0 -122.27778144150919,37.794334821756856,0 -122.27758899722252,37.794414762198514,0 -122.27750014485774,37.794499840529,0 -122.27752318035657,37.794612642352654,0 -122.27768161173167,37.79467219888043,0 -122.2778325358859,37.794628061222085,0 -122.2779493887381,37.79458370773976,0 -122.27806645988085,37.79451683105428,0 -122.2782809605027,37.79450462428331,0 -122.278634695502,37.794628467261965,0 -122.27887915673523,37.794747130903374,0 -122.27907845606586,37.794838483995434,0 -122.27924549599629,37.794889078391556,0 -122.27934292906865,37.79494375230083,0 -122.27940607075166,37.79502074831017,0 -122.27946340302972,37.79511123078127,0 -122.27937433147605,37.795218839797464,0 -122.27932905279246,37.79534925268854,0 -122.2794286238552,37.795476045105296,0 -122.27968444877675,37.79559477766051,0 -122.28005859170268,37.79566466384409,0 -122.28019612646762,37.795683530944366,0 -122.28038477177898,37.79570270682445,0 -122.28054958658248,37.795690197143585,0 -122.28068067683358,37.79564142264216,0 -122.28101605206511,37.795463209564,0 -122.2811320075003,37.795364774332896,0 -122.28133681080867,37.795181258683364,0 -122.2814655456771,37.79508289903109,0 -122.28171169484473,37.79488160785153,0 -122.28180058314207,37.79479201668128,0 -122.28204714912799,37.794694375598326,0 -122.2824144945022,37.79473266894861,0 -122.28288423164912,37.794753552285755,0 -122.28350579036722,37.794784374345696,0 -122.2850777459947,37.79490208155895,0 -122.28536710053423,37.794930874785535,0 -122.28575299252577,37.79496025434262,0 -122.28623232367993,37.79501723949104,0 -122.28681959550028,37.79507036652994,0 -122.28715025188164,37.79508588965257,0 -122.28737881922252,37.79508726961172,0 -122.28760046324751,37.79507058232601,0 -122.28775386675196,37.79521121525243,0 -122.28779094471531,37.79534212931321,0 -122.28775032828806,37.79543201369517,0 -122.28756473006214,37.79553904655479,0 -122.2875190767811,37.79571001756529,0 -122.28752900406333,37.79585879265251,0 -122.28756457465363,37.795998710682426,0 -122.28784851504693,37.79600042922144,0 -122.2878385850698,37.79585165441946,0 -122.28785941340797,37.79575263620995,0 -122.28798434660608,37.795753390779545,0 -122.28809044842093,37.7954971610636,0 -122.28817078116353,37.795263306475064,0 -122.28834830353505,37.79481372698644,0 -122.28841073375233,37.79466989396649,0 -122.28846163319467,37.79454401872601,0 -122.2885094316526,37.79444516558139,0 -122.28868271756922,37.79443719809323,0 -122.2887083474026,37.79472576982932,0 -122.28862698698732,37.79491905921428,0 -122.28853486655157,37.7951979047725,0 -122.28844051470062,37.79541364981596,0 -122.28840294715543,37.79562973566741,0 -122.28839029348636,37.795764856971665,0 -122.28839217994846,37.795864011455656,0 -122.28845640589802,37.795977062482216,0 -122.28855492144027,37.79606778867899,0 -122.28874189139361,37.796113980480456,0 -122.28889280746303,37.79606982806687,0 -122.28912637392848,37.79599462622396,0 -122.28929687327107,37.795833417707456,0 -122.28942697268043,37.79573956646646,0 -122.28954984334666,37.79565918948082,0 -122.28969456732884,37.79552036468879,0 -122.28980720438737,37.79532275387078,0 -122.28984665659802,37.795205819649404,0 -122.28994186454341,37.79504866623818,0 -122.29014006253949,37.79495973188803,0 -122.29046564613442,37.79491212178004,0 -122.29069765671781,37.794850428063846,0 -122.29094687542877,37.79477081107926,0 -122.29110458904994,37.79475824019273,0 -122.29120443589545,37.7948579830801,0 -122.29124005858804,37.79499339470741,0 -122.29127012699725,37.79511525211146,0 -122.29131977328973,37.79526876951004,0 -122.29147361517202,37.795364334224125,0 -122.29159123249049,37.795387572673825,0 -122.29172193287275,37.7953793454812,0 -122.29189457559565,37.795290254651455,0 -122.29194628442002,37.795078757023724,0 -122.29201417010604,37.79495749158007,0 -122.29218642655334,37.79490895297736,0 -122.2923029254693,37.79490063841898,0 -122.2924622291085,37.79487004924087,0 -122.29251566000329,37.79477573607783,0 -122.2925479688108,37.794663263878086,0 -122.29260841105636,37.79457800472137,0 -122.29270451911367,37.794474931496204,0 -122.29286253097551,37.794430817145425,0 -122.29307681420508,37.79444111227095,0 -122.29323775547306,37.79453671638815,0 -122.29331566815429,37.79470392462505,0 -122.2933445391092,37.79480324238065,0 -122.2935261290523,37.79481784984249,0 -122.29363849212466,37.79464727641834,0 -122.29361753802235,37.794462384694604,0 -122.29360764038456,37.794309102714664,0 -122.29359864555363,37.79420990355194,0 -122.29380324494441,37.79404438935588,0 -122.29401029673593,37.79391944865403,0 -122.29432515714133,37.79380416407405,0 -122.2945727355286,37.793747063701154,0 -122.29474631968588,37.79370754318671,0 -122.2948686648377,37.79368123473489,0 -122.29500563905391,37.79360995249092,0 -122.29517788741637,37.79356141087334,0 -122.29535121285886,37.79354892851484,0 -122.29555964536098,37.79357721471168,0 -122.29576532542507,37.79359647135375,0 -122.29591060097279,37.79354776503736,0 -122.29590298056425,37.79345308460265,0 -122.29626210994684,37.79345973751556,0 -122.30524972472006,37.79368883530229,0 -122.30528778454202,37.79386931855692,0 -122.30546064914878,37.79390639207372,0 -122.30566119983258,37.79386701219823,0 -122.30626434668065,37.793893098395536,0 -122.30662305834664,37.793944785213796,0 -122.30725376011773,37.7940611585079,0 -122.32279538528752,37.79738492052784,0 -122.32731209567145,37.79835043890907,0 -122.32801141884876,37.79850089237829,0 -122.32849055686513,37.798663606283064,0 -122.33025479777747,37.79943975970885,0 -122.3303464699539,37.799507880499014,0 -122.33035409395575,37.79960706473978,0 -122.33048653706962,37.799720482689,0 -122.33059833240674,37.799761675139884,0 -122.33087044558103,37.79981729800814,0 -122.33098666691757,37.79984049175867,0 -122.33110576376129,37.79985919311662,0 -122.33127289172663,37.79990521077347,0 -122.33152330250196,37.80000577221863,0 -122.33160779983423,37.800082863034866,0 -122.3316721326833,37.80019138755757,0 -122.33165963801603,37.80031749805832,0 -122.33147117057109,37.800275867967336,0 -122.33130432557505,37.800198313139106,0 -122.33109602153203,37.800152063557995,0 -122.33086756019233,37.80013724633826,0 -122.33060359743263,37.80012222753028,0 -122.3303764736844,37.80011642769586,0 -122.33029802201399,37.799998812548246,0 -122.330171339796,37.79987641735625,0 -122.33005499898358,37.79986674194217,0 -122.32989516803327,37.79995596779485,0 -122.3298784548774,37.80007754515667,0 -122.32996976323615,37.80018622158576,0 -122.33005279631448,37.80026781167246,0 -122.33002638584512,37.8003622974046,0 -122.32970973060579,37.800365004600195,0 -122.32952807957723,37.80035495802215,0 -122.32937031654872,37.80037208490292,0 -122.32934390607939,37.80046657121144,0 -122.3294825969761,37.80051693177678,0 -122.32965508069717,37.800599029716814,0 -122.32966546252689,37.80070724613705,0 -122.32952128741539,37.80079205388475,0 -122.32938904193082,37.80081383198701,0 -122.32927886715451,37.80075011103892,0 -122.32912386914042,37.80061853934766,0 -122.3289569064651,37.800554498109875,0 -122.32880506782587,37.800544620490726,0 -122.32866596909403,37.80053932110065,0 -122.32847267320443,37.80056075360342,0 -122.32830071320119,37.80057779667976,0 -122.32800243300098,37.80058961418515,0 -122.32788374129746,37.800525846196614,0 -122.32779251648202,37.80040815859105,0 -122.32770701393497,37.80028599192494,0 -122.3275824786905,37.80024021725896,0 -122.32740098846038,37.80021214229624,0 -122.32724347426522,37.80020222843122,0 -122.32707581719214,37.80021479200307,0 -122.32690495313354,37.80026789471977,0 -122.32677392127295,37.80031221213825,0 -122.32663003182567,37.800365465263546,0 -122.32651714683213,37.800522548450516,0 -122.32641894749683,37.80062563595149,0 -122.32627493228543,37.80069241199346,0 -122.32294608665957,37.79990947175818,0 -122.32250474885205,37.79980553929343,0 -122.32228795033973,37.80053434750987,0 -122.32275062942342,37.80063389875974,0 -122.32621471821193,37.801381566577355,0 -122.32597077171339,37.802132760150585,0 -122.32254081621072,37.80145288107095,0 -122.3219591471828,37.80124448515206,0 -122.32164803185378,37.80219357190757,0 -122.32222765182458,37.802316331638956,0 -122.32564583131216,37.80304572620117,0 -122.32540203573059,37.80377889167667,0 -122.32194159949202,37.803008689920766,0 -122.3213889541326,37.80288608678213,0 -122.32093119871496,37.80418583265906,0 -122.32121388416185,37.804250552125026,0 -122.32391203250819,37.80486039176,0 -122.32616499556264,37.80536955311478,0 -122.32628848516812,37.80537476911674,0 -122.32637277858282,37.805474392625385,0 -122.32623279590872,37.80572145320822,0 -122.32587581349965,37.80594023009288,0 -122.32569016406975,37.80605633678714,0 -122.3255661399667,37.806109703589264,0 -122.32545656077339,37.80613611549679,0 -122.32536182444353,37.806248237356314,0 -122.32530826239471,37.80636059113297,0 -122.32517104473504,37.80645895138287,0 -122.32503984219454,37.80652128907969,0 -122.32496393006147,37.80659295774153,0 -122.32494465041886,37.80668297818925,0 -122.32509960890705,37.80681906368777,0 -122.32525150054687,37.80682443786001,0 -122.32541888902365,37.80684342205639,0 -122.32555511673985,37.80685321579325,0 -122.32563123189217,37.806759015874455,0 -122.32569882921898,37.806664767572926,0 -122.32580752447006,37.80657976287171,0 -122.32598886198656,37.80662586718871,0 -122.32608747724184,37.806712056399306,0 -122.32595001793538,37.8068374531212,0 -122.32584976325472,37.80693151383058,0 -122.32603548634644,37.80696412077706,0 -122.32637648593,37.807020151290445,0 -122.32679225229461,37.8071306827004,0 -122.326957853124,37.80719021494077,0 -122.32734961740256,37.807363701263796,0 -122.32748619007181,37.8074140549971,0 -122.32758596864537,37.80745067387233,0 -122.3276961542015,37.80751439471737,0 -122.32789871261997,37.80756962919967,0 -122.32798634956413,37.80745746676215,0 -122.32812755484534,37.80738842070905,0 -122.32837565605206,37.80743264584767,0 -122.32848393807812,37.80739270610285,0 -122.32855148959084,37.8073029604792,0 -122.32869015443642,37.807357828185275,0 -122.32884330281931,37.80738123248912,0 -122.32891093787539,37.807282476014166,0 -122.32899410839593,37.80719281897396,0 -122.32918608286374,37.80716236760733,0 -122.32934503256675,37.807172284086825,0 -122.32949245957958,37.80720016477429,0 -122.32967810272125,37.807241776057985,0 -122.32991494624086,37.80727467102122,0 -122.33005348981388,37.80734305712461,0 -122.33294858749807,37.80516480859946,0 -122.33314672620533,37.805395764425874,0 -122.33772291314592,37.80459198356098,0 -122.3408777290501,37.80403774791403,0 -122.3409345816278,37.80419128509741,0 -122.34112698459197,37.80411124451143,0 -122.3413846357885,37.8045205507285,0 -122.34140701731383,37.80455610710151,0 -122.3415860326853,37.80447123624805,0 -122.34241123498677,37.8043592444169,0 -122.34346320440532,37.80421647689038,0 -122.34353389373332,37.804206882958354,0 -122.34361795897591,37.80419547272879,0 -122.3436701546872,37.804199047830124,0 -122.34405338137731,37.80422528084972,0 -122.3443806843477,37.80424768537415,0 -122.34520596839585,37.804304172199366,0 -122.34583446210796,37.804395042188006,0 -122.34658606364158,37.804798655959075,0 -122.3469552631385,37.804986358724655,0 -122.34790171195218,37.805467525738514,0 -122.34882715276463,37.80578470994762,0 -122.3495492886586,37.8059634566985,0 -122.35021565893636,37.80600945493767,0 -122.35072853318317,37.8060448579975,0 -122.35329789006724,37.80624705562541,0 -122.35354354695812,37.80626638632729,0 -122.35367829065747,37.806276989963216,0 -122.35379552888686,37.80628621597692,0 -122.3541346761443,37.806312904622835,0 -122.35440486602556,37.80633416653032,0 -122.35448396717791,37.80634039101519,0 -122.35453430786814,37.8063443535348,0 -122.35454053319306,37.80634484184099,0 -122.3545498002135,37.806345572171,0 -122.35459900183993,37.80634944313291,0 -122.35460050292477,37.80634956166071,0 -122.3546025555752,37.80634972277333,0 -122.35460444203729,37.806349871820245,0 -122.35460570147532,37.80634997118491,0 -122.35460720345847,37.80635008900294,0 -122.35461075809206,37.806350367933646,0 -122.35462592973889,37.80635156172855,0 -122.35463801657103,37.80635251278993,0 -122.35465265911016,37.806353664709725,0 -122.35466298704098,37.80635447737035,0 -122.35500399650599,37.80638131290928,0 -122.35630092931596,37.80648336594021,0 -122.35668693090199,37.8065137395148,0 -122.35780883326706,37.80660201124775,0 -122.35781363476225,37.80660238812226,0 -122.35942764771468,37.80672933511059,0 -122.3595226975566,37.80673681154983,0 -122.35968262732158,37.806737680985734,0 -122.36022492408893,37.806909820571974,0 -122.36049994331316,37.80716510152382,0 -122.36055733488003,37.80721291452692,0 -122.3607963631024,37.80741203863408,0 -122.36100843378141,37.807548542242884,0 -122.36116919448803,37.807585927565654,0 -122.36123190138642,37.80760051191742,0 -122.36146739922975,37.80770977771232,0 -122.36147073647103,37.807711325642636,0</coordinates>
          </LinearRing>
        </outerBoundaryIs>
      </Polygon>
    </Placemark>
  </Document>
</kml>